Area,Item,Year,Value
Antigua and Barbuda,Maize (corn),1966,30.0
Antigua and Barbuda,Maize (corn),1967,18.0
Antigua and Barbuda,Maize (corn),1968,30.0
Antigua and Barbuda,Maize (corn),1969,45.0
Antigua and Barbuda,Maize (corn),1970,60.0
Antigua and Barbuda,Maize (corn),1971,80.0
Antigua and Barbuda,Maize (corn),1972,92.0
Antigua and Barbuda,Maize (corn),1973,28.0
Antigua and Barbuda,Maize (corn),1974,37.0
Antigua and Barbuda,Maize (corn),1975,60.0
Antigua and Barbuda,Maize (corn),1976,51.0
Antigua and Barbuda,Maize (corn),1977,30.0
Antigua and Barbuda,Maize (corn),1978,35.0
Antigua and Barbuda,Maize (corn),1979,96.0
Antigua and Barbuda,Maize (corn),1980,29.0
Antigua and Barbuda,Maize (corn),1981,45.0
Antigua and Barbuda,Maize (corn),1982,59.0
Antigua and Barbuda,Maize (corn),1983,68.0
Antigua and Barbuda,Maize (corn),1984,29.0
Antigua and Barbuda,Maize (corn),1985,38.0
Antigua and Barbuda,Maize (corn),1986,40.0
Antigua and Barbuda,Maize (corn),1987,48.0
Antigua and Barbuda,Maize (corn),1988,57.0
Antigua and Barbuda,Maize (corn),1989,60.0
Antigua and Barbuda,Maize (corn),1990,50.0
Antigua and Barbuda,Maize (corn),1991,55.0
Antigua and Barbuda,Maize (corn),1992,50.95
Antigua and Barbuda,Maize (corn),1993,50.22
Antigua and Barbuda,Maize (corn),1994,49.43
Antigua and Barbuda,Maize (corn),1995,45.0
Antigua and Barbuda,Maize (corn),1996,48.63
Antigua and Barbuda,Maize (corn),1997,48.94
Antigua and Barbuda,Maize (corn),1998,49.35
Antigua and Barbuda,Maize (corn),1999,49.73
Antigua and Barbuda,Maize (corn),2000,48.0
Antigua and Barbuda,Maize (corn),2001,50.77
Antigua and Barbuda,Maize (corn),2002,50.0
Antigua and Barbuda,Maize (corn),2003,55.0
Antigua and Barbuda,Maize (corn),2004,60.0
Antigua and Barbuda,Maize (corn),2005,61.12
Antigua and Barbuda,Maize (corn),2006,65.0
Antigua and Barbuda,Maize (corn),2007,64.85
Antigua and Barbuda,Maize (corn),2008,68.0
Antigua and Barbuda,Maize (corn),2009,66.32
Antigua and Barbuda,Maize (corn),2010,63.44
Antigua and Barbuda,Maize (corn),2011,71.88
Antigua and Barbuda,Maize (corn),2012,70.12
Antigua and Barbuda,Maize (corn),2013,71.77
Antigua and Barbuda,Maize (corn),2014,72.08
Antigua and Barbuda,Maize (corn),2015,74.57
Antigua and Barbuda,Maize (corn),2016,64.71
Antigua and Barbuda,Maize (corn),2017,51.47
Antigua and Barbuda,Maize (corn),2018,36.94
Antigua and Barbuda,Maize (corn),2019,51.04
Antigua and Barbuda,Maize (corn),2020,55.67
Antigua and Barbuda,Maize (corn),2021,47.88
Antigua and Barbuda,Maize (corn),2022,51.53
Antigua and Barbuda,Maize (corn),2023,51.69
Antigua and Barbuda,Maize (corn),2024,50.37
Antigua and Barbuda,Sugar cane,1961,183820.0
Antigua and Barbuda,Sugar cane,1962,197705.0
Antigua and Barbuda,Sugar cane,1963,259448.0
Antigua and Barbuda,Sugar cane,1964,259448.0
Antigua and Barbuda,Sugar cane,1965,135000.0
Antigua and Barbuda,Sugar cane,1966,80000.0
Antigua and Barbuda,Sugar cane,1967,50000.0
Antigua and Barbuda,Sugar cane,1968,12000.0
Antigua and Barbuda,Sugar cane,1969,40000.0
Antigua and Barbuda,Sugar cane,1970,41000.0
Antigua and Barbuda,Sugar cane,1971,134100.0
Antigua and Barbuda,Sugar cane,1972,0.0
Antigua and Barbuda,Sugar cane,1973,0.0
Antigua and Barbuda,Sugar cane,1974,0.0
Antigua and Barbuda,Sugar cane,1975,0.0
Antigua and Barbuda,Sugar cane,1976,0.0
Antigua and Barbuda,Sugar cane,1977,0.0
Antigua and Barbuda,Sugar cane,1978,0.0
Antigua and Barbuda,Sugar cane,1979,0.0
Antigua and Barbuda,Sugar cane,1980,3215.0
Antigua and Barbuda,Sugar cane,1981,2801.0
Antigua and Barbuda,Sugar cane,1982,5365.0
Antigua and Barbuda,Sugar cane,1983,0.0
Antigua and Barbuda,Sugar cane,1984,0.0
Antigua and Barbuda,Sugar cane,1985,0.0
Antigua and Barbuda,Sugar cane,1986,0.0
Antigua and Barbuda,Sugar cane,1987,0.0
Antigua and Barbuda,Sugar cane,1988,0.0
Antigua and Barbuda,Sugar cane,1989,0.0
Antigua and Barbuda,Sugar cane,1990,0.0
Antigua and Barbuda,Sugar cane,1991,0.0
Antigua and Barbuda,Sugar cane,1992,0.0
Antigua and Barbuda,Sugar cane,1993,
Antigua and Barbuda,Sugar cane,1994,
Antigua and Barbuda,Sugar cane,1995,
Antigua and Barbuda,Sugar cane,1996,
Antigua and Barbuda,Sugar cane,1997,
Antigua and Barbuda,Sugar cane,1998,
Antigua and Barbuda,Sugar cane,1999,
Antigua and Barbuda,Sugar cane,2000,
Antigua and Barbuda,Sugar cane,2001,
Antigua and Barbuda,Sugar cane,2002,
Antigua and Barbuda,Sugar cane,2003,
Antigua and Barbuda,Sugar cane,2004,
Antigua and Barbuda,Sugar cane,2005,
Antigua and Barbuda,Sugar cane,2006,
Antigua and Barbuda,Sugar cane,2007,
Antigua and Barbuda,Sugar cane,2008,
Antigua and Barbuda,Sugar cane,2009,
Antigua and Barbuda,Sugar cane,2010,
Antigua and Barbuda,Sugar cane,2011,
Antigua and Barbuda,Sugar cane,2012,
Antigua and Barbuda,Sugar cane,2013,
Antigua and Barbuda,Sugar cane,2014,
Antigua and Barbuda,Sugar cane,2015,
Antigua and Barbuda,Sugar cane,2016,
Antigua and Barbuda,Sugar cane,2017,
Antigua and Barbuda,Sugar cane,2018,
Antigua and Barbuda,Sugar cane,2019,
Antigua and Barbuda,Sugar cane,2020,
Antigua and Barbuda,Sugar cane,2021,
Antigua and Barbuda,Sugar cane,2022,
Antigua and Barbuda,Sugar cane,2023,
Antigua and Barbuda,Sugar cane,2024,
Argentina,Maize (corn),1961,4850000.0
Argentina,Maize (corn),1962,5220000.0
Argentina,Maize (corn),1963,4360000.0
Argentina,Maize (corn),1964,5350000.0
Argentina,Maize (corn),1965,5140000.0
Argentina,Maize (corn),1966,7040000.0
Argentina,Maize (corn),1967,8510000.0
Argentina,Maize (corn),1968,6560000.0
Argentina,Maize (corn),1969,6860000.0
Argentina,Maize (corn),1970,9360000.0
Argentina,Maize (corn),1971,9930000.0
Argentina,Maize (corn),1972,5860000.0
Argentina,Maize (corn),1973,9700000.0
Argentina,Maize (corn),1974,9900000.0
Argentina,Maize (corn),1975,7700000.0
Argentina,Maize (corn),1976,5855000.0
Argentina,Maize (corn),1977,8300000.0
Argentina,Maize (corn),1978,9700000.0
Argentina,Maize (corn),1979,8700000.0
Argentina,Maize (corn),1980,6400000.0
Argentina,Maize (corn),1981,12900000.0
Argentina,Maize (corn),1982,9600000.0
Argentina,Maize (corn),1983,9000000.0
Argentina,Maize (corn),1984,9500000.0
Argentina,Maize (corn),1985,11900000.0
Argentina,Maize (corn),1986,12100000.0
Argentina,Maize (corn),1987,9250000.0
Argentina,Maize (corn),1988,9200000.0
Argentina,Maize (corn),1989,4900000.0
Argentina,Maize (corn),1990,5400000.0
Argentina,Maize (corn),1991,7684800.0
Argentina,Maize (corn),1992,10700500.0
Argentina,Maize (corn),1993,10901000.0
Argentina,Maize (corn),1994,10360000.0
Argentina,Maize (corn),1995,11404041.0
Argentina,Maize (corn),1996,10518290.0
Argentina,Maize (corn),1997,15536820.0
Argentina,Maize (corn),1998,19360656.0
Argentina,Maize (corn),1999,13504100.0
Argentina,Maize (corn),2000,16780650.0
Argentina,Maize (corn),2001,15359397.0
Argentina,Maize (corn),2002,14712079.0
Argentina,Maize (corn),2003,15044529.0
Argentina,Maize (corn),2004,14950825.0
Argentina,Maize (corn),2005,20482572.0
Argentina,Maize (corn),2006,14445538.0
Argentina,Maize (corn),2007,21755364.0
Argentina,Maize (corn),2008,22016926.0
Argentina,Maize (corn),2009,13121380.0
Argentina,Maize (corn),2010,22663095.0
Argentina,Maize (corn),2011,23799830.0
Argentina,Maize (corn),2012,21196637.0
Argentina,Maize (corn),2013,32119211.0
Argentina,Maize (corn),2014,33087165.0
Argentina,Maize (corn),2015,33817744.0
Argentina,Maize (corn),2016,39792854.0
Argentina,Maize (corn),2017,49475895.0
Argentina,Maize (corn),2018,43462323.0
Argentina,Maize (corn),2019,56860704.0
Argentina,Maize (corn),2020,58395811.0
Argentina,Maize (corn),2021,60525805.0
Argentina,Maize (corn),2022,59037179.0
Argentina,Maize (corn),2023,41409448.0
Argentina,Maize (corn),2024,57494500.0
Argentina,Sorghum,1961,1476700.0
Argentina,Sorghum,1962,1597600.0
Argentina,Sorghum,1963,1175800.0
Argentina,Sorghum,1964,1486500.0
Argentina,Sorghum,1965,1058500.0
Argentina,Sorghum,1966,2385900.0
Argentina,Sorghum,1967,1617500.0
Argentina,Sorghum,1968,2033300.0
Argentina,Sorghum,1969,2615500.0
Argentina,Sorghum,1970,4068400.0
Argentina,Sorghum,1971,4784000.0
Argentina,Sorghum,1972,2487900.0
Argentina,Sorghum,1973,5147300.0
Argentina,Sorghum,1974,6068600.0
Argentina,Sorghum,1975,4937800.0
Argentina,Sorghum,1976,5167300.0
Argentina,Sorghum,1977,6730000.0
Argentina,Sorghum,1978,7360000.0
Argentina,Sorghum,1979,6297000.0
Argentina,Sorghum,1980,2960000.0
Argentina,Sorghum,1981,7550000.0
Argentina,Sorghum,1982,8000000.0
Argentina,Sorghum,1983,8100000.0
Argentina,Sorghum,1984,6900000.0
Argentina,Sorghum,1985,6200000.0
Argentina,Sorghum,1986,4000000.0
Argentina,Sorghum,1987,2996800.0
Argentina,Sorghum,1988,3200000.0
Argentina,Sorghum,1989,1500000.0
Argentina,Sorghum,1990,2050000.0
Argentina,Sorghum,1991,2252400.0
Argentina,Sorghum,1992,2767000.0
Argentina,Sorghum,1993,2859700.0
Argentina,Sorghum,1994,2148000.0
Argentina,Sorghum,1995,1649482.0
Argentina,Sorghum,1996,2131720.0
Argentina,Sorghum,1997,2499000.0
Argentina,Sorghum,1998,3762335.0
Argentina,Sorghum,1999,3221750.0
Argentina,Sorghum,2000,3344493.0
Argentina,Sorghum,2001,2908775.0
Argentina,Sorghum,2002,2847225.0
Argentina,Sorghum,2003,2684780.0
Argentina,Sorghum,2004,2164953.0
Argentina,Sorghum,2005,2894250.0
Argentina,Sorghum,2006,2327865.0
Argentina,Sorghum,2007,2794967.0
Argentina,Sorghum,2008,2936840.0
Argentina,Sorghum,2009,1471270.0
Argentina,Sorghum,2010,3637427.0
Argentina,Sorghum,2011,4458442.0
Argentina,Sorghum,2012,4252310.0
Argentina,Sorghum,2013,3635837.0
Argentina,Sorghum,2014,3466410.0
Argentina,Sorghum,2015,3098148.0
Argentina,Sorghum,2016,3029330.0
Argentina,Sorghum,2017,2526931.0
Argentina,Sorghum,2018,1563445.0
Argentina,Sorghum,2019,1601435.0
Argentina,Sorghum,2020,1829914.0
Argentina,Sorghum,2021,3319341.0
Argentina,Sorghum,2022,2883301.0
Argentina,Sorghum,2023,1610102.0
Argentina,Sorghum,2024,2495532.0
Argentina,Sugar cane,1961,9650000.0
Argentina,Sugar cane,1962,9778000.0
Argentina,Sugar cane,1963,11950000.0
Argentina,Sugar cane,1964,11827000.0
Argentina,Sugar cane,1965,13950000.0
Argentina,Sugar cane,1966,11960000.0
Argentina,Sugar cane,1967,8576000.0
Argentina,Sugar cane,1968,9500000.0
Argentina,Sugar cane,1969,10680000.0
Argentina,Sugar cane,1970,9700000.0
Argentina,Sugar cane,1971,10260000.0
Argentina,Sugar cane,1972,12870000.0
Argentina,Sugar cane,1973,16870000.0
Argentina,Sugar cane,1974,16536000.0
Argentina,Sugar cane,1975,15600000.0
Argentina,Sugar cane,1976,16100000.0
Argentina,Sugar cane,1977,16000000.0
Argentina,Sugar cane,1978,13600000.0
Argentina,Sugar cane,1979,14120000.0
Argentina,Sugar cane,1980,17200000.0
Argentina,Sugar cane,1981,15500000.0
Argentina,Sugar cane,1982,15046000.0
Argentina,Sugar cane,1983,15070000.0
Argentina,Sugar cane,1984,15440000.0
Argentina,Sugar cane,1985,14105000.0
Argentina,Sugar cane,1986,14465000.0
Argentina,Sugar cane,1987,14479000.0
Argentina,Sugar cane,1988,13939000.0
Argentina,Sugar cane,1989,13700000.0
Argentina,Sugar cane,1990,15700000.0
Argentina,Sugar cane,1991,18200000.0
Argentina,Sugar cane,1992,16800000.0
Argentina,Sugar cane,1993,14250000.0
Argentina,Sugar cane,1994,15200000.0
Argentina,Sugar cane,1995,17700000.0
Argentina,Sugar cane,1996,17600000.0
Argentina,Sugar cane,1997,19450000.0
Argentina,Sugar cane,1998,19400000.0
Argentina,Sugar cane,1999,16700000.0
Argentina,Sugar cane,2000,18400000.0
Argentina,Sugar cane,2001,18720000.0
Argentina,Sugar cane,2002,19250000.0
Argentina,Sugar cane,2003,22050000.0
Argentina,Sugar cane,2004,20900000.0
Argentina,Sugar cane,2005,24400000.0
Argentina,Sugar cane,2006,26450000.0
Argentina,Sugar cane,2007,23960000.0
Argentina,Sugar cane,2008,26960000.0
Argentina,Sugar cane,2009,26960000.0
Argentina,Sugar cane,2010,18889878.0
Argentina,Sugar cane,2011,19806890.0
Argentina,Sugar cane,2012,19766388.0
Argentina,Sugar cane,2013,23700000.0
Argentina,Sugar cane,2014,21031319.72
Argentina,Sugar cane,2015,17872791.0
Argentina,Sugar cane,2016,18436081.66
Argentina,Sugar cane,2017,18899810.13
Argentina,Sugar cane,2018,18579893.68
Argentina,Sugar cane,2019,18251073.93
Argentina,Sugar cane,2020,17500000.0
Argentina,Sugar cane,2021,16530000.0
Argentina,Sugar cane,2022,15500000.0
Argentina,Sugar cane,2023,14486706.89
Argentina,Sugar cane,2024,12255901.89
Argentina,Wheat,1961,5725000.0
Argentina,Wheat,1962,5700000.0
Argentina,Wheat,1963,8940000.0
Argentina,Wheat,1964,11260000.0
Argentina,Wheat,1965,6079000.0
Argentina,Wheat,1966,6247000.0
Argentina,Wheat,1967,7320000.0
Argentina,Wheat,1968,5740000.0
Argentina,Wheat,1969,7020000.0
Argentina,Wheat,1970,4920000.0
Argentina,Wheat,1971,5440000.0
Argentina,Wheat,1972,7900000.0
Argentina,Wheat,1973,6560000.0
Argentina,Wheat,1974,5970000.0
Argentina,Wheat,1975,8570000.0
Argentina,Wheat,1976,11582000.0
Argentina,Wheat,1977,5653100.0
Argentina,Wheat,1978,8469400.0
Argentina,Wheat,1979,8317800.0
Argentina,Wheat,1980,7974700.0
Argentina,Wheat,1981,8369600.0
Argentina,Wheat,1982,15097700.0
Argentina,Wheat,1983,13111400.0
Argentina,Wheat,1984,13678600.0
Argentina,Wheat,1985,8742800.0
Argentina,Wheat,1986,8756500.0
Argentina,Wheat,1987,9101200.0
Argentina,Wheat,1988,8596900.0
Argentina,Wheat,1989,10055700.0
Argentina,Wheat,1990,10055700.0
Argentina,Wheat,1991,9884000.0
Argentina,Wheat,1992,9874400.0
Argentina,Wheat,1993,9658300.0
Argentina,Wheat,1994,11306210.0
Argentina,Wheat,1995,9445015.0
Argentina,Wheat,1996,15913600.0
Argentina,Wheat,1997,14800230.0
Argentina,Wheat,1998,12443000.0
Argentina,Wheat,1999,15302560.0
Argentina,Wheat,2000,15959352.0
Argentina,Wheat,2001,15291660.0
Argentina,Wheat,2002,12301442.0
Argentina,Wheat,2003,14562955.0
Argentina,Wheat,2004,15925025.0
Argentina,Wheat,2005,12593396.0
Argentina,Wheat,2006,14547960.0
Argentina,Wheat,2007,16354091.0
Argentina,Wheat,2008,8376452.0
Argentina,Wheat,2009,9023139.0
Argentina,Wheat,2010,15875653.0
Argentina,Wheat,2011,14500519.0
Argentina,Wheat,2012,8023996.0
Argentina,Wheat,2013,9188339.0
Argentina,Wheat,2014,13930078.0
Argentina,Wheat,2015,11314952.0
Argentina,Wheat,2016,18395106.0
Argentina,Wheat,2017,18518045.0
Argentina,Wheat,2018,19459727.0
Argentina,Wheat,2019,19776942.0
Argentina,Wheat,2020,17644277.0
Argentina,Wheat,2021,22150287.0
Argentina,Wheat,2022,12555860.0
Argentina,Wheat,2023,15853154.0
Argentina,Wheat,2024,18510280.0
Bahamas,Maize (corn),1961,100.0
Bahamas,Maize (corn),1962,150.0
Bahamas,Maize (corn),1963,200.0
Bahamas,Maize (corn),1964,250.0
Bahamas,Maize (corn),1965,300.0
Bahamas,Maize (corn),1966,430.0
Bahamas,Maize (corn),1967,450.0
Bahamas,Maize (corn),1968,470.0
Bahamas,Maize (corn),1969,490.0
Bahamas,Maize (corn),1970,510.0
Bahamas,Maize (corn),1971,530.0
Bahamas,Maize (corn),1972,550.0
Bahamas,Maize (corn),1973,580.0
Bahamas,Maize (corn),1974,595.0
Bahamas,Maize (corn),1975,610.0
Bahamas,Maize (corn),1976,625.0
Bahamas,Maize (corn),1977,640.0
Bahamas,Maize (corn),1978,730.0
Bahamas,Maize (corn),1979,720.0
Bahamas,Maize (corn),1980,719.0
Bahamas,Maize (corn),1981,720.0
Bahamas,Maize (corn),1982,740.0
Bahamas,Maize (corn),1983,750.0
Bahamas,Maize (corn),1984,800.0
Bahamas,Maize (corn),1985,820.0
Bahamas,Maize (corn),1986,820.0
Bahamas,Maize (corn),1987,750.0
Bahamas,Maize (corn),1988,700.0
Bahamas,Maize (corn),1989,700.0
Bahamas,Maize (corn),1990,750.0
Bahamas,Maize (corn),1991,750.0
Bahamas,Maize (corn),1992,500.0
Bahamas,Maize (corn),1993,400.0
Bahamas,Maize (corn),1994,312.0
Bahamas,Maize (corn),1995,312.0
Bahamas,Maize (corn),1996,312.0
Bahamas,Maize (corn),1997,348.0
Bahamas,Maize (corn),1998,377.0
Bahamas,Maize (corn),1999,379.0
Bahamas,Maize (corn),2000,312.0
Bahamas,Maize (corn),2001,300.0
Bahamas,Maize (corn),2002,305.0
Bahamas,Maize (corn),2003,340.0
Bahamas,Maize (corn),2004,355.0
Bahamas,Maize (corn),2005,360.0
Bahamas,Maize (corn),2006,380.0
Bahamas,Maize (corn),2007,400.0
Bahamas,Maize (corn),2008,500.0
Bahamas,Maize (corn),2009,600.0
Bahamas,Maize (corn),2010,678.0
Bahamas,Maize (corn),2011,687.0
Bahamas,Maize (corn),2012,690.0
Bahamas,Maize (corn),2013,690.83
Bahamas,Maize (corn),2014,687.62
Bahamas,Maize (corn),2015,597.18
Bahamas,Maize (corn),2016,658.54
Bahamas,Maize (corn),2017,647.78
Bahamas,Maize (corn),2018,626.45
Bahamas,Maize (corn),2019,612.84
Bahamas,Maize (corn),2020,600.51
Bahamas,Maize (corn),2021,610.14
Bahamas,Maize (corn),2022,600.78
Bahamas,Maize (corn),2023,603.81
Bahamas,Maize (corn),2024,604.91
Bahamas,Sugar cane,1961,
Bahamas,Sugar cane,1962,
Bahamas,Sugar cane,1963,
Bahamas,Sugar cane,1964,
Bahamas,Sugar cane,1965,
Bahamas,Sugar cane,1966,10000.0
Bahamas,Sugar cane,1967,20000.0
Bahamas,Sugar cane,1968,14500.0
Bahamas,Sugar cane,1969,8500.0
Bahamas,Sugar cane,1970,27000.0
Bahamas,Sugar cane,1971,2000.0
Bahamas,Sugar cane,1972,38000.0
Bahamas,Sugar cane,1973,35000.0
Bahamas,Sugar cane,1974,38000.0
Bahamas,Sugar cane,1975,46000.0
Bahamas,Sugar cane,1976,60000.0
Bahamas,Sugar cane,1977,49000.0
Bahamas,Sugar cane,1978,38000.0
Bahamas,Sugar cane,1979,40000.0
Bahamas,Sugar cane,1980,37000.0
Bahamas,Sugar cane,1981,52000.0
Bahamas,Sugar cane,1982,55000.0
Bahamas,Sugar cane,1983,33000.0
Bahamas,Sugar cane,1984,50000.0
Bahamas,Sugar cane,1985,35000.0
Bahamas,Sugar cane,1986,30000.0
Bahamas,Sugar cane,1987,30000.0
Bahamas,Sugar cane,1988,42000.0
Bahamas,Sugar cane,1989,55000.0
Bahamas,Sugar cane,1990,60000.0
Bahamas,Sugar cane,1991,45000.0
Bahamas,Sugar cane,1992,35000.0
Bahamas,Sugar cane,1993,50000.0
Bahamas,Sugar cane,1994,55000.0
Bahamas,Sugar cane,1995,35000.0
Bahamas,Sugar cane,1996,45000.0
Bahamas,Sugar cane,1997,35000.0
Bahamas,Sugar cane,1998,45000.0
Bahamas,Sugar cane,1999,50000.0
Bahamas,Sugar cane,2000,62500.0
Bahamas,Sugar cane,2001,75000.0
Bahamas,Sugar cane,2002,55000.0
Bahamas,Sugar cane,2003,50000.0
Bahamas,Sugar cane,2004,50000.0
Bahamas,Sugar cane,2005,50000.0
Bahamas,Sugar cane,2006,57500.0
Bahamas,Sugar cane,2007,57500.0
Bahamas,Sugar cane,2008,57500.0
Bahamas,Sugar cane,2009,57500.0
Bahamas,Sugar cane,2010,57500.0
Bahamas,Sugar cane,2011,57500.0
Bahamas,Sugar cane,2012,57500.0
Bahamas,Sugar cane,2013,57500.0
Bahamas,Sugar cane,2014,59488.15
Bahamas,Sugar cane,2015,60354.68
Bahamas,Sugar cane,2016,60947.46
Bahamas,Sugar cane,2017,61370.99
Bahamas,Sugar cane,2018,61738.62
Bahamas,Sugar cane,2019,62250.56
Bahamas,Sugar cane,2020,62966.28
Bahamas,Sugar cane,2021,63490.48
Bahamas,Sugar cane,2022,63016.43
Bahamas,Sugar cane,2023,63432.02
Bahamas,Sugar cane,2024,63847.61
Barbados,Maize (corn),1961,716.0
Barbados,Maize (corn),1962,899.0
Barbados,Maize (corn),1963,708.0
Barbados,Maize (corn),1964,508.0
Barbados,Maize (corn),1965,560.0
Barbados,Maize (corn),1966,830.0
Barbados,Maize (corn),1967,1000.0
Barbados,Maize (corn),1968,1449.0
Barbados,Maize (corn),1969,1754.0
Barbados,Maize (corn),1970,1600.0
Barbados,Maize (corn),1971,1400.0
Barbados,Maize (corn),1972,2073.0
Barbados,Maize (corn),1973,2000.0
Barbados,Maize (corn),1974,2000.0
Barbados,Maize (corn),1975,2000.0
Barbados,Maize (corn),1976,2000.0
Barbados,Maize (corn),1977,2000.0
Barbados,Maize (corn),1978,2000.0
Barbados,Maize (corn),1979,2000.0
Barbados,Maize (corn),1980,2000.0
Barbados,Maize (corn),1981,2000.0
Barbados,Maize (corn),1982,2000.0
Barbados,Maize (corn),1983,2000.0
Barbados,Maize (corn),1984,2400.0
Barbados,Maize (corn),1985,2000.0
Barbados,Maize (corn),1986,2100.0
Barbados,Maize (corn),1987,2100.0
Barbados,Maize (corn),1988,2200.0
Barbados,Maize (corn),1989,2200.0
Barbados,Maize (corn),1990,2300.0
Barbados,Maize (corn),1991,2100.0
Barbados,Maize (corn),1992,1800.0
Barbados,Maize (corn),1993,1600.0
Barbados,Maize (corn),1994,1300.0
Barbados,Maize (corn),1995,1100.0
Barbados,Maize (corn),1996,800.0
Barbados,Maize (corn),1997,650.0
Barbados,Maize (corn),1998,520.0
Barbados,Maize (corn),1999,390.0
Barbados,Maize (corn),2000,300.0
Barbados,Maize (corn),2001,250.0
Barbados,Maize (corn),2002,218.0
Barbados,Maize (corn),2003,263.0
Barbados,Maize (corn),2004,250.0
Barbados,Maize (corn),2005,260.0
Barbados,Maize (corn),2006,270.0
Barbados,Maize (corn),2007,280.0
Barbados,Maize (corn),2008,267.8
Barbados,Maize (corn),2009,262.66
Barbados,Maize (corn),2010,259.58
Barbados,Maize (corn),2011,268.89
Barbados,Maize (corn),2012,320.0
Barbados,Maize (corn),2013,340.0
Barbados,Maize (corn),2014,81.0
Barbados,Maize (corn),2015,122.0
Barbados,Maize (corn),2016,95.57
Barbados,Maize (corn),2017,73.86
Barbados,Maize (corn),2018,109.3
Barbados,Maize (corn),2019,42.0
Barbados,Maize (corn),2020,86.0
Barbados,Maize (corn),2021,49.9
Barbados,Maize (corn),2022,51.0
Barbados,Maize (corn),2023,42.6
Barbados,Maize (corn),2024,1.1
Barbados,Sugar cane,1961,1400117.0
Barbados,Sugar cane,1962,1458032.0
Barbados,Sugar cane,1963,1708996.0
Barbados,Sugar cane,1964,1500000.0
Barbados,Sugar cane,1965,1760000.0
Barbados,Sugar cane,1966,1584000.0
Barbados,Sugar cane,1967,1855300.0
Barbados,Sugar cane,1968,1391000.0
Barbados,Sugar cane,1969,1284300.0
Barbados,Sugar cane,1970,1456000.0
Barbados,Sugar cane,1971,1233500.0
Barbados,Sugar cane,1972,1059700.0
Barbados,Sugar cane,1973,1040000.0
Barbados,Sugar cane,1974,956100.0
Barbados,Sugar cane,1975,845400.0
Barbados,Sugar cane,1976,918500.0
Barbados,Sugar cane,1977,1045000.0
Barbados,Sugar cane,1978,895000.0
Barbados,Sugar cane,1979,1052000.0
Barbados,Sugar cane,1980,1205000.0
Barbados,Sugar cane,1981,966000.0
Barbados,Sugar cane,1982,804300.0
Barbados,Sugar cane,1983,705000.0
Barbados,Sugar cane,1984,812800.0
Barbados,Sugar cane,1985,793500.0
Barbados,Sugar cane,1986,908200.0
Barbados,Sugar cane,1987,689000.0
Barbados,Sugar cane,1988,699000.0
Barbados,Sugar cane,1989,560000.0
Barbados,Sugar cane,1990,606000.0
Barbados,Sugar cane,1991,587000.0
Barbados,Sugar cane,1992,527900.0
Barbados,Sugar cane,1993,441000.0
Barbados,Sugar cane,1994,463700.0
Barbados,Sugar cane,1995,357200.0
Barbados,Sugar cane,1996,534900.0
Barbados,Sugar cane,1997,570872.0
Barbados,Sugar cane,1998,448700.0
Barbados,Sugar cane,1999,522000.0
Barbados,Sugar cane,2000,546000.0
Barbados,Sugar cane,2001,420000.0
Barbados,Sugar cane,2002,417847.0
Barbados,Sugar cane,2003,364555.0
Barbados,Sugar cane,2004,361237.0
Barbados,Sugar cane,2005,442400.0
Barbados,Sugar cane,2006,348300.0
Barbados,Sugar cane,2007,353500.0
Barbados,Sugar cane,2008,310700.0
Barbados,Sugar cane,2009,356700.0
Barbados,Sugar cane,2010,258800.0
Barbados,Sugar cane,2011,285410.0
Barbados,Sugar cane,2012,258600.0
Barbados,Sugar cane,2013,173084.62
Barbados,Sugar cane,2014,159606.89
Barbados,Sugar cane,2015,116105.0
Barbados,Sugar cane,2016,83369.0
Barbados,Sugar cane,2017,131194.4
Barbados,Sugar cane,2018,146831.13
Barbados,Sugar cane,2019,84588.57
Barbados,Sugar cane,2020,91388.91
Barbados,Sugar cane,2021,92129.07
Barbados,Sugar cane,2022,95955.0
Barbados,Sugar cane,2023,94000.0
Barbados,Sugar cane,2024,64871.41
Belize,Maize (corn),1961,4000.0
Belize,Maize (corn),1962,2495.0
Belize,Maize (corn),1963,2631.0
Belize,Maize (corn),1964,3039.0
Belize,Maize (corn),1965,3447.0
Belize,Maize (corn),1966,3058.0
Belize,Maize (corn),1967,6713.0
Belize,Maize (corn),1968,7018.0
Belize,Maize (corn),1969,7711.0
Belize,Maize (corn),1970,15876.0
Belize,Maize (corn),1971,15876.0
Belize,Maize (corn),1972,14610.0
Belize,Maize (corn),1973,16102.0
Belize,Maize (corn),1974,12791.0
Belize,Maize (corn),1975,11793.0
Belize,Maize (corn),1976,18144.0
Belize,Maize (corn),1977,17055.0
Belize,Maize (corn),1978,19504.0
Belize,Maize (corn),1979,15422.0
Belize,Maize (corn),1980,18825.0
Belize,Maize (corn),1981,21137.0
Belize,Maize (corn),1982,21183.0
Belize,Maize (corn),1983,17599.0
Belize,Maize (corn),1984,16158.0
Belize,Maize (corn),1985,19631.0
Belize,Maize (corn),1986,18483.0
Belize,Maize (corn),1987,23225.0
Belize,Maize (corn),1988,23121.0
Belize,Maize (corn),1989,18766.0
Belize,Maize (corn),1990,18671.0
Belize,Maize (corn),1991,31809.0
Belize,Maize (corn),1992,26461.0
Belize,Maize (corn),1993,27188.0
Belize,Maize (corn),1994,23263.0
Belize,Maize (corn),1995,28205.0
Belize,Maize (corn),1996,36877.0
Belize,Maize (corn),1997,37358.0
Belize,Maize (corn),1998,37607.0
Belize,Maize (corn),1999,40639.0
Belize,Maize (corn),2000,31722.0
Belize,Maize (corn),2001,36735.0
Belize,Maize (corn),2002,33390.0
Belize,Maize (corn),2003,38130.0
Belize,Maize (corn),2004,35350.0
Belize,Maize (corn),2005,47239.0
Belize,Maize (corn),2006,36955.0
Belize,Maize (corn),2007,45523.0
Belize,Maize (corn),2008,37052.0
Belize,Maize (corn),2009,57335.0
Belize,Maize (corn),2010,58049.0
Belize,Maize (corn),2011,62706.0
Belize,Maize (corn),2012,63472.0
Belize,Maize (corn),2013,71926.0
Belize,Maize (corn),2014,69169.0
Belize,Maize (corn),2015,57702.0
Belize,Maize (corn),2016,65761.59
Belize,Maize (corn),2017,89536.0
Belize,Maize (corn),2018,77766.0
Belize,Maize (corn),2019,58049.0
Belize,Maize (corn),2020,83339.0
Belize,Maize (corn),2021,108743.0
Belize,Maize (corn),2022,110652.0
Belize,Maize (corn),2023,112411.0
Belize,Maize (corn),2024,104890.0
Belize,Sorghum,1961,
Belize,Sorghum,1962,
Belize,Sorghum,1963,
Belize,Sorghum,1964,
Belize,Sorghum,1965,
Belize,Sorghum,1966,
Belize,Sorghum,1967,
Belize,Sorghum,1968,
Belize,Sorghum,1969,
Belize,Sorghum,1970,
Belize,Sorghum,1971,
Belize,Sorghum,1972,
Belize,Sorghum,1973,
Belize,Sorghum,1974,
Belize,Sorghum,1975,
Belize,Sorghum,1976,
Belize,Sorghum,1977,
Belize,Sorghum,1978,
Belize,Sorghum,1979,
Belize,Sorghum,1980,
Belize,Sorghum,1981,
Belize,Sorghum,1982,
Belize,Sorghum,1983,
Belize,Sorghum,1984,
Belize,Sorghum,1985,
Belize,Sorghum,1986,
Belize,Sorghum,1987,
Belize,Sorghum,1988,
Belize,Sorghum,1989,4764.0
Belize,Sorghum,1990,6550.0
Belize,Sorghum,1991,5405.0
Belize,Sorghum,1992,4990.0
Belize,Sorghum,1993,6707.0
Belize,Sorghum,1994,4742.0
Belize,Sorghum,1995,5431.0
Belize,Sorghum,1996,6314.0
Belize,Sorghum,1997,5788.0
Belize,Sorghum,1998,5177.0
Belize,Sorghum,1999,9042.0
Belize,Sorghum,2000,6306.0
Belize,Sorghum,2001,8411.0
Belize,Sorghum,2002,12089.0
Belize,Sorghum,2003,9154.0
Belize,Sorghum,2004,8146.0
Belize,Sorghum,2005,6759.0
Belize,Sorghum,2006,4580.0
Belize,Sorghum,2007,6855.0
Belize,Sorghum,2008,10690.0
Belize,Sorghum,2009,9326.0
Belize,Sorghum,2010,19917.0
Belize,Sorghum,2011,9981.0
Belize,Sorghum,2012,15837.0
Belize,Sorghum,2013,19503.0
Belize,Sorghum,2014,9091.0
Belize,Sorghum,2015,10594.0
Belize,Sorghum,2016,9592.0
Belize,Sorghum,2017,10089.0
Belize,Sorghum,2018,8200.0
Belize,Sorghum,2019,13165.0
Belize,Sorghum,2020,14726.0
Belize,Sorghum,2021,12879.0
Belize,Sorghum,2022,20699.0
Belize,Sorghum,2023,30057.0
Belize,Sorghum,2024,24084.0
Belize,Sugar cane,1961,247367.0
Belize,Sugar cane,1962,216916.0
Belize,Sugar cane,1963,213736.0
Belize,Sugar cane,1964,300000.0
Belize,Sugar cane,1965,331015.0
Belize,Sugar cane,1966,417955.0
Belize,Sugar cane,1967,569956.0
Belize,Sugar cane,1968,652827.0
Belize,Sugar cane,1969,537206.0
Belize,Sugar cane,1970,687029.0
Belize,Sugar cane,1971,642783.0
Belize,Sugar cane,1972,678370.0
Belize,Sugar cane,1973,729758.0
Belize,Sugar cane,1974,837300.0
Belize,Sugar cane,1975,795687.0
Belize,Sugar cane,1976,616765.0
Belize,Sugar cane,1977,950642.0
Belize,Sugar cane,1978,1141130.0
Belize,Sugar cane,1979,1005200.0
Belize,Sugar cane,1980,1029770.0
Belize,Sugar cane,1981,985670.0
Belize,Sugar cane,1982,1113080.0
Belize,Sugar cane,1983,1150150.0
Belize,Sugar cane,1984,1038610.0
Belize,Sugar cane,1985,977030.0
Belize,Sugar cane,1986,867305.0
Belize,Sugar cane,1987,801560.0
Belize,Sugar cane,1988,789470.0
Belize,Sugar cane,1989,940860.0
Belize,Sugar cane,1990,1089205.0
Belize,Sugar cane,1991,1113961.0
Belize,Sugar cane,1992,1103700.0
Belize,Sugar cane,1993,954242.0
Belize,Sugar cane,1994,1198892.0
Belize,Sugar cane,1995,1025013.0
Belize,Sugar cane,1996,1093450.0
Belize,Sugar cane,1997,1134040.0
Belize,Sugar cane,1998,1159657.0
Belize,Sugar cane,1999,1162578.0
Belize,Sugar cane,2000,1089128.0
Belize,Sugar cane,2001,1011214.0
Belize,Sugar cane,2002,1150656.0
Belize,Sugar cane,2003,1073247.0
Belize,Sugar cane,2004,1149475.0
Belize,Sugar cane,2005,929392.0
Belize,Sugar cane,2006,1173470.0
Belize,Sugar cane,2007,1200050.0
Belize,Sugar cane,2008,980114.0
Belize,Sugar cane,2009,917728.0
Belize,Sugar cane,2010,1122765.0
Belize,Sugar cane,2011,843786.0
Belize,Sugar cane,2012,1070128.0
Belize,Sugar cane,2013,1078015.0
Belize,Sugar cane,2014,1214125.0
Belize,Sugar cane,2015,1186154.0
Belize,Sugar cane,2016,1478401.0
Belize,Sugar cane,2017,1670432.0
Belize,Sugar cane,2018,1707537.0
Belize,Sugar cane,2019,1794029.0
Belize,Sugar cane,2020,1536864.0
Belize,Sugar cane,2021,1893663.0
Belize,Sugar cane,2022,1803634.0
Belize,Sugar cane,2023,1488960.0
Belize,Sugar cane,2024,1669432.0
Bolivia (Plurinational State of),Maize (corn),1961,258800.0
Bolivia (Plurinational State of),Maize (corn),1962,264800.0
Bolivia (Plurinational State of),Maize (corn),1963,270500.0
Bolivia (Plurinational State of),Maize (corn),1964,200000.0
Bolivia (Plurinational State of),Maize (corn),1965,277100.0
Bolivia (Plurinational State of),Maize (corn),1966,268600.0
Bolivia (Plurinational State of),Maize (corn),1967,277700.0
Bolivia (Plurinational State of),Maize (corn),1968,287500.0
Bolivia (Plurinational State of),Maize (corn),1969,290300.0
Bolivia (Plurinational State of),Maize (corn),1970,285700.0
Bolivia (Plurinational State of),Maize (corn),1971,296600.0
Bolivia (Plurinational State of),Maize (corn),1972,268500.0
Bolivia (Plurinational State of),Maize (corn),1973,275825.0
Bolivia (Plurinational State of),Maize (corn),1974,276660.0
Bolivia (Plurinational State of),Maize (corn),1975,305000.0
Bolivia (Plurinational State of),Maize (corn),1976,338170.0
Bolivia (Plurinational State of),Maize (corn),1977,304715.0
Bolivia (Plurinational State of),Maize (corn),1978,337370.0
Bolivia (Plurinational State of),Maize (corn),1979,378045.0
Bolivia (Plurinational State of),Maize (corn),1980,383365.0
Bolivia (Plurinational State of),Maize (corn),1981,503710.0
Bolivia (Plurinational State of),Maize (corn),1982,449605.0
Bolivia (Plurinational State of),Maize (corn),1983,337190.0
Bolivia (Plurinational State of),Maize (corn),1984,496612.0
Bolivia (Plurinational State of),Maize (corn),1985,553938.0
Bolivia (Plurinational State of),Maize (corn),1986,457300.0
Bolivia (Plurinational State of),Maize (corn),1987,480694.0
Bolivia (Plurinational State of),Maize (corn),1988,445570.0
Bolivia (Plurinational State of),Maize (corn),1989,400444.0
Bolivia (Plurinational State of),Maize (corn),1990,390952.0
Bolivia (Plurinational State of),Maize (corn),1991,429713.0
Bolivia (Plurinational State of),Maize (corn),1992,503481.0
Bolivia (Plurinational State of),Maize (corn),1993,537025.0
Bolivia (Plurinational State of),Maize (corn),1994,493533.0
Bolivia (Plurinational State of),Maize (corn),1995,515439.0
Bolivia (Plurinational State of),Maize (corn),1996,498414.0
Bolivia (Plurinational State of),Maize (corn),1997,355718.0
Bolivia (Plurinational State of),Maize (corn),1998,479601.0
Bolivia (Plurinational State of),Maize (corn),1999,488606.0
Bolivia (Plurinational State of),Maize (corn),2000,653271.0
Bolivia (Plurinational State of),Maize (corn),2001,677829.0
Bolivia (Plurinational State of),Maize (corn),2002,672772.0
Bolivia (Plurinational State of),Maize (corn),2003,691643.0
Bolivia (Plurinational State of),Maize (corn),2004,538091.0
Bolivia (Plurinational State of),Maize (corn),2005,738352.0
Bolivia (Plurinational State of),Maize (corn),2006,894436.0
Bolivia (Plurinational State of),Maize (corn),2007,770365.0
Bolivia (Plurinational State of),Maize (corn),2008,1001803.0
Bolivia (Plurinational State of),Maize (corn),2009,1174447.0
Bolivia (Plurinational State of),Maize (corn),2010,1018988.0
Bolivia (Plurinational State of),Maize (corn),2011,918091.18
Bolivia (Plurinational State of),Maize (corn),2012,1043058.53
Bolivia (Plurinational State of),Maize (corn),2013,915149.82
Bolivia (Plurinational State of),Maize (corn),2014,1006622.0
Bolivia (Plurinational State of),Maize (corn),2015,1056557.0
Bolivia (Plurinational State of),Maize (corn),2016,984628.0
Bolivia (Plurinational State of),Maize (corn),2017,954908.9
Bolivia (Plurinational State of),Maize (corn),2018,1260925.78
Bolivia (Plurinational State of),Maize (corn),2019,987503.0
Bolivia (Plurinational State of),Maize (corn),2020,954833.0
Bolivia (Plurinational State of),Maize (corn),2021,1250330.22
Bolivia (Plurinational State of),Maize (corn),2022,985620.8
Bolivia (Plurinational State of),Maize (corn),2023,1117135.98
Bolivia (Plurinational State of),Maize (corn),2024,1118419.26
Bolivia (Plurinational State of),Sorghum,1961,0.0
Bolivia (Plurinational State of),Sorghum,1962,0.0
Bolivia (Plurinational State of),Sorghum,1963,0.0
Bolivia (Plurinational State of),Sorghum,1964,0.0
Bolivia (Plurinational State of),Sorghum,1965,0.0
Bolivia (Plurinational State of),Sorghum,1966,0.0
Bolivia (Plurinational State of),Sorghum,1967,0.0
Bolivia (Plurinational State of),Sorghum,1968,0.0
Bolivia (Plurinational State of),Sorghum,1969,0.0
Bolivia (Plurinational State of),Sorghum,1970,0.0
Bolivia (Plurinational State of),Sorghum,1971,0.0
Bolivia (Plurinational State of),Sorghum,1972,0.0
Bolivia (Plurinational State of),Sorghum,1973,0.0
Bolivia (Plurinational State of),Sorghum,1974,0.0
Bolivia (Plurinational State of),Sorghum,1975,0.0
Bolivia (Plurinational State of),Sorghum,1976,1000.0
Bolivia (Plurinational State of),Sorghum,1977,3840.0
Bolivia (Plurinational State of),Sorghum,1978,5300.0
Bolivia (Plurinational State of),Sorghum,1979,13150.0
Bolivia (Plurinational State of),Sorghum,1980,27720.0
Bolivia (Plurinational State of),Sorghum,1981,21280.0
Bolivia (Plurinational State of),Sorghum,1982,13000.0
Bolivia (Plurinational State of),Sorghum,1983,4792.0
Bolivia (Plurinational State of),Sorghum,1984,41411.0
Bolivia (Plurinational State of),Sorghum,1985,68345.0
Bolivia (Plurinational State of),Sorghum,1986,59300.0
Bolivia (Plurinational State of),Sorghum,1987,34722.0
Bolivia (Plurinational State of),Sorghum,1988,57140.0
Bolivia (Plurinational State of),Sorghum,1989,77078.0
Bolivia (Plurinational State of),Sorghum,1990,50720.0
Bolivia (Plurinational State of),Sorghum,1991,47110.0
Bolivia (Plurinational State of),Sorghum,1992,42405.0
Bolivia (Plurinational State of),Sorghum,1993,120740.0
Bolivia (Plurinational State of),Sorghum,1994,50003.0
Bolivia (Plurinational State of),Sorghum,1995,104051.0
Bolivia (Plurinational State of),Sorghum,1996,105050.0
Bolivia (Plurinational State of),Sorghum,1997,76298.0
Bolivia (Plurinational State of),Sorghum,1998,120795.0
Bolivia (Plurinational State of),Sorghum,1999,148017.0
Bolivia (Plurinational State of),Sorghum,2000,94521.0
Bolivia (Plurinational State of),Sorghum,2001,104597.0
Bolivia (Plurinational State of),Sorghum,2002,172257.0
Bolivia (Plurinational State of),Sorghum,2003,131998.0
Bolivia (Plurinational State of),Sorghum,2004,165275.0
Bolivia (Plurinational State of),Sorghum,2005,203699.0
Bolivia (Plurinational State of),Sorghum,2006,271001.0
Bolivia (Plurinational State of),Sorghum,2007,336292.0
Bolivia (Plurinational State of),Sorghum,2008,404446.0
Bolivia (Plurinational State of),Sorghum,2009,503038.0
Bolivia (Plurinational State of),Sorghum,2010,338397.0
Bolivia (Plurinational State of),Sorghum,2011,360515.66
Bolivia (Plurinational State of),Sorghum,2012,353208.33
Bolivia (Plurinational State of),Sorghum,2013,820921.23
Bolivia (Plurinational State of),Sorghum,2014,656494.0
Bolivia (Plurinational State of),Sorghum,2015,858101.0
Bolivia (Plurinational State of),Sorghum,2016,802518.0
Bolivia (Plurinational State of),Sorghum,2017,556868.34
Bolivia (Plurinational State of),Sorghum,2018,1023314.17
Bolivia (Plurinational State of),Sorghum,2019,949039.0
Bolivia (Plurinational State of),Sorghum,2020,1018885.0
Bolivia (Plurinational State of),Sorghum,2021,1481331.92
Bolivia (Plurinational State of),Sorghum,2022,595336.74
Bolivia (Plurinational State of),Sorghum,2023,886443.26
Bolivia (Plurinational State of),Sorghum,2024,1771084.95
Bolivia (Plurinational State of),Sugar cane,1961,552000.0
Bolivia (Plurinational State of),Sugar cane,1962,533000.0
Bolivia (Plurinational State of),Sugar cane,1963,815000.0
Bolivia (Plurinational State of),Sugar cane,1964,1085000.0
Bolivia (Plurinational State of),Sugar cane,1965,889000.0
Bolivia (Plurinational State of),Sugar cane,1966,907000.0
Bolivia (Plurinational State of),Sugar cane,1967,1065800.0
Bolivia (Plurinational State of),Sugar cane,1968,1271100.0
Bolivia (Plurinational State of),Sugar cane,1969,1411969.0
Bolivia (Plurinational State of),Sugar cane,1970,1467734.0
Bolivia (Plurinational State of),Sugar cane,1971,1101600.0
Bolivia (Plurinational State of),Sugar cane,1972,1515290.0
Bolivia (Plurinational State of),Sugar cane,1973,2082550.0
Bolivia (Plurinational State of),Sugar cane,1974,2049720.0
Bolivia (Plurinational State of),Sugar cane,1975,2366500.0
Bolivia (Plurinational State of),Sugar cane,1976,2980045.0
Bolivia (Plurinational State of),Sugar cane,1977,3167496.0
Bolivia (Plurinational State of),Sugar cane,1978,3430685.0
Bolivia (Plurinational State of),Sugar cane,1979,3119970.0
Bolivia (Plurinational State of),Sugar cane,1980,3080135.0
Bolivia (Plurinational State of),Sugar cane,1981,3103070.0
Bolivia (Plurinational State of),Sugar cane,1982,3000630.0
Bolivia (Plurinational State of),Sugar cane,1983,2747965.0
Bolivia (Plurinational State of),Sugar cane,1984,2867969.0
Bolivia (Plurinational State of),Sugar cane,1985,3157856.0
Bolivia (Plurinational State of),Sugar cane,1986,2919900.0
Bolivia (Plurinational State of),Sugar cane,1987,2413846.0
Bolivia (Plurinational State of),Sugar cane,1988,2123300.0
Bolivia (Plurinational State of),Sugar cane,1989,2248378.0
Bolivia (Plurinational State of),Sugar cane,1990,3880186.0
Bolivia (Plurinational State of),Sugar cane,1991,3408106.0
Bolivia (Plurinational State of),Sugar cane,1992,2954243.0
Bolivia (Plurinational State of),Sugar cane,1993,3368295.0
Bolivia (Plurinational State of),Sugar cane,1994,3898760.0
Bolivia (Plurinational State of),Sugar cane,1995,4263629.0
Bolivia (Plurinational State of),Sugar cane,1996,3927832.0
Bolivia (Plurinational State of),Sugar cane,1997,3445583.0
Bolivia (Plurinational State of),Sugar cane,1998,3502102.0
Bolivia (Plurinational State of),Sugar cane,1999,3695811.0
Bolivia (Plurinational State of),Sugar cane,2000,3601748.0
Bolivia (Plurinational State of),Sugar cane,2001,3859310.0
Bolivia (Plurinational State of),Sugar cane,2002,4735098.0
Bolivia (Plurinational State of),Sugar cane,2003,4916541.0
Bolivia (Plurinational State of),Sugar cane,2004,5496113.0
Bolivia (Plurinational State of),Sugar cane,2005,5112222.0
Bolivia (Plurinational State of),Sugar cane,2006,6201125.0
Bolivia (Plurinational State of),Sugar cane,2007,6402528.0
Bolivia (Plurinational State of),Sugar cane,2008,7009195.0
Bolivia (Plurinational State of),Sugar cane,2009,7803800.0
Bolivia (Plurinational State of),Sugar cane,2010,6403181.0
Bolivia (Plurinational State of),Sugar cane,2011,6794052.0
Bolivia (Plurinational State of),Sugar cane,2012,7692399.41
Bolivia (Plurinational State of),Sugar cane,2013,8363454.35
Bolivia (Plurinational State of),Sugar cane,2014,7598630.0
Bolivia (Plurinational State of),Sugar cane,2015,7192512.0
Bolivia (Plurinational State of),Sugar cane,2016,7374751.0
Bolivia (Plurinational State of),Sugar cane,2017,8731675.5
Bolivia (Plurinational State of),Sugar cane,2018,9616439.95
Bolivia (Plurinational State of),Sugar cane,2019,9558472.0
Bolivia (Plurinational State of),Sugar cane,2020,10094423.0
Bolivia (Plurinational State of),Sugar cane,2021,10057104.09
Bolivia (Plurinational State of),Sugar cane,2022,9659111.34
Bolivia (Plurinational State of),Sugar cane,2023,10307308.57
Bolivia (Plurinational State of),Sugar cane,2024,11447542.46
Bolivia (Plurinational State of),Wheat,1961,45000.0
Bolivia (Plurinational State of),Wheat,1962,40000.0
Bolivia (Plurinational State of),Wheat,1963,55000.0
Bolivia (Plurinational State of),Wheat,1964,57000.0
Bolivia (Plurinational State of),Wheat,1965,55000.0
Bolivia (Plurinational State of),Wheat,1966,41000.0
Bolivia (Plurinational State of),Wheat,1967,27000.0
Bolivia (Plurinational State of),Wheat,1968,45000.0
Bolivia (Plurinational State of),Wheat,1969,53200.0
Bolivia (Plurinational State of),Wheat,1970,44190.0
Bolivia (Plurinational State of),Wheat,1971,47100.0
Bolivia (Plurinational State of),Wheat,1972,53590.0
Bolivia (Plurinational State of),Wheat,1973,57000.0
Bolivia (Plurinational State of),Wheat,1974,62460.0
Bolivia (Plurinational State of),Wheat,1975,61750.0
Bolivia (Plurinational State of),Wheat,1976,69815.0
Bolivia (Plurinational State of),Wheat,1977,55610.0
Bolivia (Plurinational State of),Wheat,1978,56590.0
Bolivia (Plurinational State of),Wheat,1979,67755.0
Bolivia (Plurinational State of),Wheat,1980,60140.0
Bolivia (Plurinational State of),Wheat,1981,66620.0
Bolivia (Plurinational State of),Wheat,1982,66000.0
Bolivia (Plurinational State of),Wheat,1983,45647.0
Bolivia (Plurinational State of),Wheat,1984,78490.0
Bolivia (Plurinational State of),Wheat,1985,74333.0
Bolivia (Plurinational State of),Wheat,1986,81200.0
Bolivia (Plurinational State of),Wheat,1987,76655.0
Bolivia (Plurinational State of),Wheat,1988,62650.0
Bolivia (Plurinational State of),Wheat,1989,60794.0
Bolivia (Plurinational State of),Wheat,1990,54480.0
Bolivia (Plurinational State of),Wheat,1991,108733.0
Bolivia (Plurinational State of),Wheat,1992,95727.0
Bolivia (Plurinational State of),Wheat,1993,145129.0
Bolivia (Plurinational State of),Wheat,1994,82323.0
Bolivia (Plurinational State of),Wheat,1995,122805.0
Bolivia (Plurinational State of),Wheat,1996,98820.0
Bolivia (Plurinational State of),Wheat,1997,168547.0
Bolivia (Plurinational State of),Wheat,1998,175426.0
Bolivia (Plurinational State of),Wheat,1999,150012.0
Bolivia (Plurinational State of),Wheat,2000,101510.0
Bolivia (Plurinational State of),Wheat,2001,112659.0
Bolivia (Plurinational State of),Wheat,2002,119102.0
Bolivia (Plurinational State of),Wheat,2003,112930.0
Bolivia (Plurinational State of),Wheat,2004,116037.0
Bolivia (Plurinational State of),Wheat,2005,131198.0
Bolivia (Plurinational State of),Wheat,2006,143677.0
Bolivia (Plurinational State of),Wheat,2007,167095.0
Bolivia (Plurinational State of),Wheat,2008,199990.0
Bolivia (Plurinational State of),Wheat,2009,201508.0
Bolivia (Plurinational State of),Wheat,2010,241397.0
Bolivia (Plurinational State of),Wheat,2011,182927.0
Bolivia (Plurinational State of),Wheat,2012,145151.13
Bolivia (Plurinational State of),Wheat,2013,208735.26
Bolivia (Plurinational State of),Wheat,2014,159670.0
Bolivia (Plurinational State of),Wheat,2015,337599.0
Bolivia (Plurinational State of),Wheat,2016,329437.0
Bolivia (Plurinational State of),Wheat,2017,154293.0
Bolivia (Plurinational State of),Wheat,2018,301688.85
Bolivia (Plurinational State of),Wheat,2019,237127.0
Bolivia (Plurinational State of),Wheat,2020,311310.0
Bolivia (Plurinational State of),Wheat,2021,337098.61
Bolivia (Plurinational State of),Wheat,2022,310729.65
Bolivia (Plurinational State of),Wheat,2023,272806.32
Bolivia (Plurinational State of),Wheat,2024,292710.49
Brazil,Maize (corn),1961,9036237.0
Brazil,Maize (corn),1962,9587285.0
Brazil,Maize (corn),1963,10418267.0
Brazil,Maize (corn),1964,9408043.0
Brazil,Maize (corn),1965,12111921.0
Brazil,Maize (corn),1966,11371455.0
Brazil,Maize (corn),1967,12824380.0
Brazil,Maize (corn),1968,12813638.0
Brazil,Maize (corn),1969,12693435.0
Brazil,Maize (corn),1970,14216009.0
Brazil,Maize (corn),1971,14129749.0
Brazil,Maize (corn),1972,14891444.0
Brazil,Maize (corn),1973,14185877.0
Brazil,Maize (corn),1974,16273227.0
Brazil,Maize (corn),1975,16334516.0
Brazil,Maize (corn),1976,17751072.0
Brazil,Maize (corn),1977,19255936.0
Brazil,Maize (corn),1978,13569401.0
Brazil,Maize (corn),1979,16306380.0
Brazil,Maize (corn),1980,20372080.0
Brazil,Maize (corn),1981,21116912.0
Brazil,Maize (corn),1982,21842480.0
Brazil,Maize (corn),1983,18731216.0
Brazil,Maize (corn),1984,21164144.0
Brazil,Maize (corn),1985,22018176.0
Brazil,Maize (corn),1986,20541230.0
Brazil,Maize (corn),1987,26786650.0
Brazil,Maize (corn),1988,24749550.0
Brazil,Maize (corn),1989,26589870.0
Brazil,Maize (corn),1990,21347770.0
Brazil,Maize (corn),1991,23624340.0
Brazil,Maize (corn),1992,30506127.0
Brazil,Maize (corn),1993,30055633.0
Brazil,Maize (corn),1994,32487625.0
Brazil,Maize (corn),1995,36266951.0
Brazil,Maize (corn),1996,29652791.0
Brazil,Maize (corn),1997,32948044.0
Brazil,Maize (corn),1998,29601753.0
Brazil,Maize (corn),1999,32239479.0
Brazil,Maize (corn),2000,32321000.0
Brazil,Maize (corn),2001,41962475.0
Brazil,Maize (corn),2002,35940832.0
Brazil,Maize (corn),2003,48327323.0
Brazil,Maize (corn),2004,41787558.0
Brazil,Maize (corn),2005,35113312.0
Brazil,Maize (corn),2006,42661677.0
Brazil,Maize (corn),2007,52112217.0
Brazil,Maize (corn),2008,58933347.0
Brazil,Maize (corn),2009,50719822.0
Brazil,Maize (corn),2010,55364271.0
Brazil,Maize (corn),2011,55660235.0
Brazil,Maize (corn),2012,71072810.0
Brazil,Maize (corn),2013,80273172.0
Brazil,Maize (corn),2014,79881614.0
Brazil,Maize (corn),2015,85283074.0
Brazil,Maize (corn),2016,64188314.0
Brazil,Maize (corn),2017,97910658.0
Brazil,Maize (corn),2018,82366531.0
Brazil,Maize (corn),2019,101126409.0
Brazil,Maize (corn),2020,103990935.0
Brazil,Maize (corn),2021,88272116.0
Brazil,Maize (corn),2022,109741957.0
Brazil,Maize (corn),2023,131949711.0
Brazil,Maize (corn),2024,114953303.0
Brazil,Sorghum,1961,5.0
Brazil,Sorghum,1962,5.0
Brazil,Sorghum,1963,5.0
Brazil,Sorghum,1964,5.0
Brazil,Sorghum,1965,20.0
Brazil,Sorghum,1966,2000.0
Brazil,Sorghum,1967,2000.0
Brazil,Sorghum,1968,2000.0
Brazil,Sorghum,1969,2000.0
Brazil,Sorghum,1970,2000.0
Brazil,Sorghum,1971,2000.0
Brazil,Sorghum,1972,2500.0
Brazil,Sorghum,1973,249123.0
Brazil,Sorghum,1974,242736.0
Brazil,Sorghum,1975,201699.0
Brazil,Sorghum,1976,277232.0
Brazil,Sorghum,1977,435141.0
Brazil,Sorghum,1978,227502.0
Brazil,Sorghum,1979,121913.0
Brazil,Sorghum,1980,180292.0
Brazil,Sorghum,1981,212901.0
Brazil,Sorghum,1982,226473.0
Brazil,Sorghum,1983,231818.0
Brazil,Sorghum,1984,312716.0
Brazil,Sorghum,1985,268143.0
Brazil,Sorghum,1986,358167.0
Brazil,Sorghum,1987,432797.0
Brazil,Sorghum,1988,288807.0
Brazil,Sorghum,1989,235839.0
Brazil,Sorghum,1990,236250.0
Brazil,Sorghum,1991,257516.0
Brazil,Sorghum,1992,282430.0
Brazil,Sorghum,1993,281912.0
Brazil,Sorghum,1994,315908.0
Brazil,Sorghum,1995,276832.0
Brazil,Sorghum,1996,356567.0
Brazil,Sorghum,1997,542581.0
Brazil,Sorghum,1998,589827.0
Brazil,Sorghum,1999,553644.0
Brazil,Sorghum,2000,792759.0
Brazil,Sorghum,2001,914452.0
Brazil,Sorghum,2002,786757.0
Brazil,Sorghum,2003,1804920.0
Brazil,Sorghum,2004,2158872.0
Brazil,Sorghum,2005,1522839.0
Brazil,Sorghum,2006,1604920.0
Brazil,Sorghum,2007,1440750.0
Brazil,Sorghum,2008,2004005.0
Brazil,Sorghum,2009,1853934.0
Brazil,Sorghum,2010,1532064.0
Brazil,Sorghum,2011,1931135.0
Brazil,Sorghum,2012,2016873.0
Brazil,Sorghum,2013,2126179.0
Brazil,Sorghum,2014,2279114.0
Brazil,Sorghum,2015,2136450.0
Brazil,Sorghum,2016,1154456.0
Brazil,Sorghum,2017,2223627.0
Brazil,Sorghum,2018,2281316.0
Brazil,Sorghum,2019,2672245.0
Brazil,Sorghum,2020,2761837.0
Brazil,Sorghum,2021,2506830.0
Brazil,Sorghum,2022,2930056.0
Brazil,Sorghum,2023,4498299.0
Brazil,Sorghum,2024,4090428.0
Brazil,Sugar cane,1961,59377392.0
Brazil,Sugar cane,1962,62534512.0
Brazil,Sugar cane,1963,63722896.0
Brazil,Sugar cane,1964,66398976.0
Brazil,Sugar cane,1965,75852864.0
Brazil,Sugar cane,1966,75787520.0
Brazil,Sugar cane,1967,77086528.0
Brazil,Sugar cane,1968,76610496.0
Brazil,Sugar cane,1969,75247088.0
Brazil,Sugar cane,1970,79752944.0
Brazil,Sugar cane,1971,80380400.0
Brazil,Sugar cane,1972,85106224.0
Brazil,Sugar cane,1973,91994032.0
Brazil,Sugar cane,1974,95623680.0
Brazil,Sugar cane,1975,91524560.0
Brazil,Sugar cane,1976,103173456.0
Brazil,Sugar cane,1977,120081696.0
Brazil,Sugar cane,1978,129144944.0
Brazil,Sugar cane,1979,138898880.0
Brazil,Sugar cane,1980,148650560.0
Brazil,Sugar cane,1981,155924112.0
Brazil,Sugar cane,1982,186646608.0
Brazil,Sugar cane,1983,216036960.0
Brazil,Sugar cane,1984,222317840.0
Brazil,Sugar cane,1985,247199472.0
Brazil,Sugar cane,1986,238443008.0
Brazil,Sugar cane,1987,268504000.0
Brazil,Sugar cane,1988,258294000.0
Brazil,Sugar cane,1989,252290000.0
Brazil,Sugar cane,1990,262674144.0
Brazil,Sugar cane,1991,260887893.0
Brazil,Sugar cane,1992,271474875.0
Brazil,Sugar cane,1993,244530708.0
Brazil,Sugar cane,1994,292101835.0
Brazil,Sugar cane,1995,303699497.0
Brazil,Sugar cane,1996,317105981.0
Brazil,Sugar cane,1997,331612687.0
Brazil,Sugar cane,1998,345254972.0
Brazil,Sugar cane,1999,333847720.0
Brazil,Sugar cane,2000,326121011.0
Brazil,Sugar cane,2001,344292922.0
Brazil,Sugar cane,2002,364389416.0
Brazil,Sugar cane,2003,396012158.0
Brazil,Sugar cane,2004,415205835.0
Brazil,Sugar cane,2005,422956646.0
Brazil,Sugar cane,2006,477410656.0
Brazil,Sugar cane,2007,549707314.0
Brazil,Sugar cane,2008,645300182.0
Brazil,Sugar cane,2009,691606147.0
Brazil,Sugar cane,2010,717463793.0
Brazil,Sugar cane,2011,734006059.0
Brazil,Sugar cane,2012,721077287.0
Brazil,Sugar cane,2013,768090444.0
Brazil,Sugar cane,2014,736108487.0
Brazil,Sugar cane,2015,750290277.0
Brazil,Sugar cane,2016,768594154.0
Brazil,Sugar cane,2017,758646205.0
Brazil,Sugar cane,2018,747556774.0
Brazil,Sugar cane,2019,753470465.0
Brazil,Sugar cane,2020,756070576.0
Brazil,Sugar cane,2021,715679276.0
Brazil,Sugar cane,2022,725729052.0
Brazil,Sugar cane,2023,782058236.0
Brazil,Sugar cane,2024,759662482.0
Brazil,Wheat,1961,544858.0
Brazil,Wheat,1962,705619.0
Brazil,Wheat,1963,392363.0
Brazil,Wheat,1964,643004.0
Brazil,Wheat,1965,585384.0
Brazil,Wheat,1966,614657.0
Brazil,Wheat,1967,629301.0
Brazil,Wheat,1968,856170.0
Brazil,Wheat,1969,1373691.0
Brazil,Wheat,1970,1844263.0
Brazil,Wheat,1971,2011334.0
Brazil,Wheat,1972,982901.0
Brazil,Wheat,1973,2031338.0
Brazil,Wheat,1974,2858530.0
Brazil,Wheat,1975,1788180.0
Brazil,Wheat,1976,3215745.0
Brazil,Wheat,1977,2066039.0
Brazil,Wheat,1978,2690888.0
Brazil,Wheat,1979,2926764.0
Brazil,Wheat,1980,2701613.0
Brazil,Wheat,1981,2209631.0
Brazil,Wheat,1982,1826945.0
Brazil,Wheat,1983,2236700.0
Brazil,Wheat,1984,1983157.0
Brazil,Wheat,1985,4320267.0
Brazil,Wheat,1986,5638470.0
Brazil,Wheat,1987,6099111.0
Brazil,Wheat,1988,5745670.0
Brazil,Wheat,1989,5555184.0
Brazil,Wheat,1990,3093791.0
Brazil,Wheat,1991,2916823.0
Brazil,Wheat,1992,2795598.0
Brazil,Wheat,1993,2197354.0
Brazil,Wheat,1994,2096259.0
Brazil,Wheat,1995,1533871.0
Brazil,Wheat,1996,3292777.0
Brazil,Wheat,1997,2489070.0
Brazil,Wheat,1998,2269847.0
Brazil,Wheat,1999,2461856.0
Brazil,Wheat,2000,1725792.0
Brazil,Wheat,2001,3366599.0
Brazil,Wheat,2002,3105660.0
Brazil,Wheat,2003,6153500.0
Brazil,Wheat,2004,5818846.0
Brazil,Wheat,2005,4658790.0
Brazil,Wheat,2006,2484848.0
Brazil,Wheat,2007,4114057.0
Brazil,Wheat,2008,6027131.0
Brazil,Wheat,2009,5055525.0
Brazil,Wheat,2010,6171250.0
Brazil,Wheat,2011,5690043.0
Brazil,Wheat,2012,4418388.0
Brazil,Wheat,2013,5738473.0
Brazil,Wheat,2014,6261895.0
Brazil,Wheat,2015,5508451.0
Brazil,Wheat,2016,6834421.0
Brazil,Wheat,2017,4342812.0
Brazil,Wheat,2018,5469236.0
Brazil,Wheat,2019,5590815.0
Brazil,Wheat,2020,6344079.0
Brazil,Wheat,2021,7878413.0
Brazil,Wheat,2022,10343182.0
Brazil,Wheat,2023,7730188.0
Brazil,Wheat,2024,7633178.0
Canada,Maize (corn),1961,741912.0
Canada,Maize (corn),1962,848368.0
Canada,Maize (corn),1963,919110.0
Canada,Maize (corn),1964,1342189.0
Canada,Maize (corn),1965,1511309.0
Canada,Maize (corn),1966,1684798.0
Canada,Maize (corn),1967,1882976.0
Canada,Maize (corn),1968,2076379.0
Canada,Maize (corn),1969,1882875.0
Canada,Maize (corn),1970,2633677.0
Canada,Maize (corn),1971,2945932.0
Canada,Maize (corn),1972,2528365.0
Canada,Maize (corn),1973,2803381.0
Canada,Maize (corn),1974,2619700.0
Canada,Maize (corn),1975,3644866.0
Canada,Maize (corn),1976,3759500.0
Canada,Maize (corn),1977,4249400.0
Canada,Maize (corn),1978,4479500.0
Canada,Maize (corn),1979,5276100.0
Canada,Maize (corn),1980,5753200.0
Canada,Maize (corn),1981,6682600.0
Canada,Maize (corn),1982,6522300.0
Canada,Maize (corn),1983,5931000.0
Canada,Maize (corn),1984,6777500.0
Canada,Maize (corn),1985,6969900.0
Canada,Maize (corn),1986,5911500.0
Canada,Maize (corn),1987,7014800.0
Canada,Maize (corn),1988,5369200.0
Canada,Maize (corn),1989,6571000.0
Canada,Maize (corn),1990,7066000.0
Canada,Maize (corn),1991,7413000.0
Canada,Maize (corn),1992,4882600.0
Canada,Maize (corn),1993,6501200.0
Canada,Maize (corn),1994,7042900.0
Canada,Maize (corn),1995,7270900.0
Canada,Maize (corn),1996,7536400.0
Canada,Maize (corn),1997,7180000.0
Canada,Maize (corn),1998,8952400.0
Canada,Maize (corn),1999,9161300.0
Canada,Maize (corn),2000,6953700.0
Canada,Maize (corn),2001,8389200.0
Canada,Maize (corn),2002,8998800.0
Canada,Maize (corn),2003,9587300.0
Canada,Maize (corn),2004,8836800.0
Canada,Maize (corn),2005,9332200.0
Canada,Maize (corn),2006,8989800.0
Canada,Maize (corn),2007,11648700.0
Canada,Maize (corn),2008,10592000.0
Canada,Maize (corn),2009,9561200.0
Canada,Maize (corn),2010,12043300.0
Canada,Maize (corn),2011,11358700.0
Canada,Maize (corn),2012,13060100.0
Canada,Maize (corn),2013,14190700.0
Canada,Maize (corn),2014,11606400.0
Canada,Maize (corn),2015,13679500.0
Canada,Maize (corn),2016,13889000.0
Canada,Maize (corn),2017,14095500.0
Canada,Maize (corn),2018,13884800.0
Canada,Maize (corn),2019,13403900.0
Canada,Maize (corn),2020,13563300.0
Canada,Maize (corn),2021,14610792.0
Canada,Maize (corn),2022,14538878.0
Canada,Maize (corn),2023,15420909.0
Canada,Maize (corn),2024,15344938.0
Canada,Wheat,1961,7713000.0
Canada,Wheat,1962,15393000.0
Canada,Wheat,1963,19691008.0
Canada,Wheat,1964,16349000.0
Canada,Wheat,1965,17674000.0
Canada,Wheat,1966,22516832.0
Canada,Wheat,1967,16136911.0
Canada,Wheat,1968,17689040.0
Canada,Wheat,1969,18267712.0
Canada,Wheat,1970,9024254.0
Canada,Wheat,1971,14412287.0
Canada,Wheat,1972,14513966.0
Canada,Wheat,1973,16159170.0
Canada,Wheat,1974,13303500.0
Canada,Wheat,1975,17080608.0
Canada,Wheat,1976,23587200.0
Canada,Wheat,1977,19858208.0
Canada,Wheat,1978,21136800.0
Canada,Wheat,1979,17196000.0
Canada,Wheat,1980,19292000.0
Canada,Wheat,1981,24802000.0
Canada,Wheat,1982,26715008.0
Canada,Wheat,1983,26465008.0
Canada,Wheat,1984,21187904.0
Canada,Wheat,1985,24252000.0
Canada,Wheat,1986,31378000.0
Canada,Wheat,1987,25945000.0
Canada,Wheat,1988,15913000.0
Canada,Wheat,1989,24796208.0
Canada,Wheat,1990,32098000.0
Canada,Wheat,1991,31945600.0
Canada,Wheat,1992,29877200.0
Canada,Wheat,1993,27255900.0
Canada,Wheat,1994,22919500.0
Canada,Wheat,1995,24989400.0
Canada,Wheat,1996,29801400.0
Canada,Wheat,1997,24299400.0
Canada,Wheat,1998,24082300.0
Canada,Wheat,1999,26959900.0
Canada,Wheat,2000,26535500.0
Canada,Wheat,2001,20630200.0
Canada,Wheat,2002,15961300.0
Canada,Wheat,2003,23048600.0
Canada,Wheat,2004,24795500.0
Canada,Wheat,2005,25748100.0
Canada,Wheat,2006,25265400.0
Canada,Wheat,2007,20090400.0
Canada,Wheat,2008,28619200.0
Canada,Wheat,2009,26949900.0
Canada,Wheat,2010,23299600.0
Canada,Wheat,2011,25288000.0
Canada,Wheat,2012,27246000.0
Canada,Wheat,2013,37589100.0
Canada,Wheat,2014,29442100.0
Canada,Wheat,2015,27647400.0
Canada,Wheat,2016,32139900.0
Canada,Wheat,2017,30377235.0
Canada,Wheat,2018,32351900.0
Canada,Wheat,2019,32669800.0
Canada,Wheat,2020,35437200.0
Canada,Wheat,2021,22422100.0
Canada,Wheat,2022,34872782.0
Canada,Wheat,2023,33413600.0
Canada,Wheat,2024,35938839.0
Chile,Maize (corn),1961,162810.0
Chile,Maize (corn),1962,180760.0
Chile,Maize (corn),1963,176020.0
Chile,Maize (corn),1964,241520.0
Chile,Maize (corn),1965,260000.0
Chile,Maize (corn),1966,285327.0
Chile,Maize (corn),1967,362200.0
Chile,Maize (corn),1968,320810.0
Chile,Maize (corn),1969,153792.0
Chile,Maize (corn),1970,239052.0
Chile,Maize (corn),1971,258300.0
Chile,Maize (corn),1972,282990.0
Chile,Maize (corn),1973,294016.0
Chile,Maize (corn),1974,366300.0
Chile,Maize (corn),1975,328987.0
Chile,Maize (corn),1976,247950.0
Chile,Maize (corn),1977,355320.0
Chile,Maize (corn),1978,256880.0
Chile,Maize (corn),1979,489270.0
Chile,Maize (corn),1980,405190.0
Chile,Maize (corn),1981,518150.0
Chile,Maize (corn),1982,425000.0
Chile,Maize (corn),1983,511550.0
Chile,Maize (corn),1984,721390.0
Chile,Maize (corn),1985,771776.0
Chile,Maize (corn),1986,721289.0
Chile,Maize (corn),1987,617244.0
Chile,Maize (corn),1988,660855.0
Chile,Maize (corn),1989,938464.0
Chile,Maize (corn),1990,823150.0
Chile,Maize (corn),1991,835723.0
Chile,Maize (corn),1992,911056.0
Chile,Maize (corn),1993,899496.0
Chile,Maize (corn),1994,937250.0
Chile,Maize (corn),1995,942223.0
Chile,Maize (corn),1996,931572.0
Chile,Maize (corn),1997,880735.0
Chile,Maize (corn),1998,943276.0
Chile,Maize (corn),1999,624037.0
Chile,Maize (corn),2000,652019.0
Chile,Maize (corn),2001,778498.0
Chile,Maize (corn),2002,924211.0
Chile,Maize (corn),2003,1189729.0
Chile,Maize (corn),2004,1320606.0
Chile,Maize (corn),2005,1507766.0
Chile,Maize (corn),2006,1381894.0
Chile,Maize (corn),2007,1122648.0
Chile,Maize (corn),2008,1365408.0
Chile,Maize (corn),2009,1345649.0
Chile,Maize (corn),2010,1357920.9
Chile,Maize (corn),2011,1437561.0
Chile,Maize (corn),2012,1493292.0
Chile,Maize (corn),2013,1518545.0
Chile,Maize (corn),2014,1186127.0
Chile,Maize (corn),2015,1538755.2
Chile,Maize (corn),2016,1174487.0
Chile,Maize (corn),2017,1062588.7
Chile,Maize (corn),2018,1110607.7
Chile,Maize (corn),2019,973177.6
Chile,Maize (corn),2020,592988.0
Chile,Maize (corn),2021,793821.78
Chile,Maize (corn),2022,608005.91
Chile,Maize (corn),2023,543126.02
Chile,Maize (corn),2024,530937.22
Chile,Wheat,1961,1030560.0
Chile,Wheat,1962,969750.0
Chile,Wheat,1963,1135610.0
Chile,Wheat,1964,1158880.0
Chile,Wheat,1965,1115834.0
Chile,Wheat,1966,1346410.0
Chile,Wheat,1967,1203500.0
Chile,Wheat,1968,1219700.0
Chile,Wheat,1969,1214200.0
Chile,Wheat,1970,1306900.0
Chile,Wheat,1971,1367900.0
Chile,Wheat,1972,1195135.0
Chile,Wheat,1973,746684.0
Chile,Wheat,1974,939050.0
Chile,Wheat,1975,1003070.0
Chile,Wheat,1976,866470.0
Chile,Wheat,1977,1219320.0
Chile,Wheat,1978,892620.0
Chile,Wheat,1979,995140.0
Chile,Wheat,1980,966000.0
Chile,Wheat,1981,685970.0
Chile,Wheat,1982,650000.0
Chile,Wheat,1983,585950.0
Chile,Wheat,1984,988280.0
Chile,Wheat,1985,1164690.0
Chile,Wheat,1986,1625809.0
Chile,Wheat,1987,1874117.0
Chile,Wheat,1988,1734199.0
Chile,Wheat,1989,1765525.0
Chile,Wheat,1990,1718214.0
Chile,Wheat,1991,1588677.0
Chile,Wheat,1992,1556588.0
Chile,Wheat,1993,1323600.0
Chile,Wheat,1994,1271200.0
Chile,Wheat,1995,1383861.0
Chile,Wheat,1996,1227148.0
Chile,Wheat,1997,1676887.0
Chile,Wheat,1998,1682040.0
Chile,Wheat,1999,1196626.0
Chile,Wheat,2000,1492710.0
Chile,Wheat,2001,1780160.0
Chile,Wheat,2002,1820387.0
Chile,Wheat,2003,1797080.0
Chile,Wheat,2004,1921652.0
Chile,Wheat,2005,1851940.0
Chile,Wheat,2006,1403689.0
Chile,Wheat,2007,1095872.0
Chile,Wheat,2008,1237691.0
Chile,Wheat,2009,1145290.0
Chile,Wheat,2010,1523921.2
Chile,Wheat,2011,1575822.0
Chile,Wheat,2012,1213101.0
Chile,Wheat,2013,1474663.0
Chile,Wheat,2014,1358128.0
Chile,Wheat,2015,1482310.1
Chile,Wheat,2016,1731935.0
Chile,Wheat,2017,1349491.9
Chile,Wheat,2018,1469003.4
Chile,Wheat,2019,1399919.0
Chile,Wheat,2020,1230988.0
Chile,Wheat,2021,1353607.94
Chile,Wheat,2022,1106926.47
Chile,Wheat,2023,1289773.79
Chile,Wheat,2024,1188784.86
Colombia,Maize (corn),1961,757531.0
Colombia,Maize (corn),1962,753900.0
Colombia,Maize (corn),1963,781593.0
Colombia,Maize (corn),1964,968000.0
Colombia,Maize (corn),1965,870755.0
Colombia,Maize (corn),1966,850000.0
Colombia,Maize (corn),1967,850000.0
Colombia,Maize (corn),1968,886000.0
Colombia,Maize (corn),1969,872500.0
Colombia,Maize (corn),1970,876800.0
Colombia,Maize (corn),1971,818500.0
Colombia,Maize (corn),1972,806200.0
Colombia,Maize (corn),1973,739100.0
Colombia,Maize (corn),1974,791500.0
Colombia,Maize (corn),1975,722600.0
Colombia,Maize (corn),1976,883700.0
Colombia,Maize (corn),1977,752800.0
Colombia,Maize (corn),1978,862200.0
Colombia,Maize (corn),1979,870200.0
Colombia,Maize (corn),1980,853560.0
Colombia,Maize (corn),1981,880000.0
Colombia,Maize (corn),1982,898500.0
Colombia,Maize (corn),1983,863800.0
Colombia,Maize (corn),1984,864312.0
Colombia,Maize (corn),1985,762600.0
Colombia,Maize (corn),1986,788100.0
Colombia,Maize (corn),1987,859600.0
Colombia,Maize (corn),1988,907800.0
Colombia,Maize (corn),1989,1043800.0
Colombia,Maize (corn),1990,1213300.0
Colombia,Maize (corn),1991,1273600.0
Colombia,Maize (corn),1992,1055670.0
Colombia,Maize (corn),1993,1129752.0
Colombia,Maize (corn),1994,1161090.0
Colombia,Maize (corn),1995,1019716.0
Colombia,Maize (corn),1996,966922.0
Colombia,Maize (corn),1997,977911.0
Colombia,Maize (corn),1998,754578.0
Colombia,Maize (corn),1999,971202.0
Colombia,Maize (corn),2000,1204471.0
Colombia,Maize (corn),2001,1191901.0
Colombia,Maize (corn),2002,1263544.0
Colombia,Maize (corn),2003,1513950.0
Colombia,Maize (corn),2004,1623214.0
Colombia,Maize (corn),2005,1588316.0
Colombia,Maize (corn),2006,1531145.0
Colombia,Maize (corn),2007,1733290.0
Colombia,Maize (corn),2008,1726546.0
Colombia,Maize (corn),2009,1560347.0
Colombia,Maize (corn),2010,1421868.0
Colombia,Maize (corn),2011,1719794.71
Colombia,Maize (corn),2012,1872855.14
Colombia,Maize (corn),2013,1779068.54
Colombia,Maize (corn),2014,1803039.07
Colombia,Maize (corn),2015,1471026.34
Colombia,Maize (corn),2016,1295088.58
Colombia,Maize (corn),2017,1329856.0
Colombia,Maize (corn),2018,1378367.83
Colombia,Maize (corn),2019,1394862.99
Colombia,Maize (corn),2020,1392895.19
Colombia,Maize (corn),2021,1551015.74
Colombia,Maize (corn),2022,1921177.46
Colombia,Maize (corn),2023,1725773.0
Colombia,Maize (corn),2024,1489582.0
Colombia,Sorghum,1961,4300.0
Colombia,Sorghum,1962,7600.0
Colombia,Sorghum,1963,12100.0
Colombia,Sorghum,1964,60000.0
Colombia,Sorghum,1965,70000.0
Colombia,Sorghum,1966,60000.0
Colombia,Sorghum,1967,90000.0
Colombia,Sorghum,1968,100000.0
Colombia,Sorghum,1969,101800.0
Colombia,Sorghum,1970,118000.0
Colombia,Sorghum,1971,239600.0
Colombia,Sorghum,1972,210000.0
Colombia,Sorghum,1973,280200.0
Colombia,Sorghum,1974,336600.0
Colombia,Sorghum,1975,335000.0
Colombia,Sorghum,1976,427700.0
Colombia,Sorghum,1977,406200.0
Colombia,Sorghum,1978,516700.0
Colombia,Sorghum,1979,501300.0
Colombia,Sorghum,1980,430520.0
Colombia,Sorghum,1981,532000.0
Colombia,Sorghum,1982,568400.0
Colombia,Sorghum,1983,595200.0
Colombia,Sorghum,1984,589600.0
Colombia,Sorghum,1985,499400.0
Colombia,Sorghum,1986,599900.0
Colombia,Sorghum,1987,703800.0
Colombia,Sorghum,1988,706600.0
Colombia,Sorghum,1989,695200.0
Colombia,Sorghum,1990,777400.0
Colombia,Sorghum,1991,738300.0
Colombia,Sorghum,1992,751785.0
Colombia,Sorghum,1993,633303.0
Colombia,Sorghum,1994,649320.0
Colombia,Sorghum,1995,553818.0
Colombia,Sorghum,1996,444794.0
Colombia,Sorghum,1997,329706.0
Colombia,Sorghum,1998,189307.0
Colombia,Sorghum,1999,198758.0
Colombia,Sorghum,2000,127938.0
Colombia,Sorghum,2001,163269.0
Colombia,Sorghum,2002,243180.0
Colombia,Sorghum,2003,300286.0
Colombia,Sorghum,2004,267077.0
Colombia,Sorghum,2005,250716.0
Colombia,Sorghum,2006,155874.0
Colombia,Sorghum,2007,118289.0
Colombia,Sorghum,2008,134117.0
Colombia,Sorghum,2009,96570.0
Colombia,Sorghum,2010,98964.0
Colombia,Sorghum,2011,50480.0
Colombia,Sorghum,2012,61940.89
Colombia,Sorghum,2013,18254.54
Colombia,Sorghum,2014,19147.33
Colombia,Sorghum,2015,17028.45
Colombia,Sorghum,2016,13093.45
Colombia,Sorghum,2017,9345.0
Colombia,Sorghum,2018,4130.0
Colombia,Sorghum,2019,6929.4
Colombia,Sorghum,2020,5814.16
Colombia,Sorghum,2021,4924.45
Colombia,Sorghum,2022,4270.0
Colombia,Sorghum,2023,10540.0
Colombia,Sorghum,2024,9070.0
Colombia,Sugar cane,1961,13399200.0
Colombia,Sugar cane,1962,14558900.0
Colombia,Sugar cane,1963,12642162.0
Colombia,Sugar cane,1964,14115308.0
Colombia,Sugar cane,1965,12720453.0
Colombia,Sugar cane,1966,13000000.0
Colombia,Sugar cane,1967,13000000.0
Colombia,Sugar cane,1968,13300000.0
Colombia,Sugar cane,1969,13300000.0
Colombia,Sugar cane,1970,12700000.0
Colombia,Sugar cane,1971,13500000.0
Colombia,Sugar cane,1972,15000000.0
Colombia,Sugar cane,1973,15600000.0
Colombia,Sugar cane,1974,16800000.0
Colombia,Sugar cane,1975,20500000.0
Colombia,Sugar cane,1976,21100000.0
Colombia,Sugar cane,1977,20500000.0
Colombia,Sugar cane,1978,22950000.0
Colombia,Sugar cane,1979,24700000.0
Colombia,Sugar cane,1980,26100000.0
Colombia,Sugar cane,1981,23200000.0
Colombia,Sugar cane,1982,23500000.0
Colombia,Sugar cane,1983,24200000.0
Colombia,Sugar cane,1984,23500000.0
Colombia,Sugar cane,1985,25364400.0
Colombia,Sugar cane,1986,24850096.0
Colombia,Sugar cane,1987,24964896.0
Colombia,Sugar cane,1988,25784000.0
Colombia,Sugar cane,1989,26491600.0
Colombia,Sugar cane,1990,27790736.0
Colombia,Sugar cane,1991,27789968.0
Colombia,Sugar cane,1992,28930016.0
Colombia,Sugar cane,1993,30500000.0
Colombia,Sugar cane,1994,31200000.0
Colombia,Sugar cane,1995,32000000.0
Colombia,Sugar cane,1996,35000000.0
Colombia,Sugar cane,1997,36000000.0
Colombia,Sugar cane,1998,34000000.0
Colombia,Sugar cane,1999,33568144.0
Colombia,Sugar cane,2000,33959252.0
Colombia,Sugar cane,2001,33527400.0
Colombia,Sugar cane,2002,37604348.0
Colombia,Sugar cane,2003,39542944.0
Colombia,Sugar cane,2004,40674116.0
Colombia,Sugar cane,2005,39849240.0
Colombia,Sugar cane,2006,37100000.0
Colombia,Sugar cane,2007,35200000.0
Colombia,Sugar cane,2008,32300000.0
Colombia,Sugar cane,2009,36700000.0
Colombia,Sugar cane,2010,32538975.86
Colombia,Sugar cane,2011,34889672.0
Colombia,Sugar cane,2012,33336952.72
Colombia,Sugar cane,2013,34876332.89
Colombia,Sugar cane,2014,38157132.0
Colombia,Sugar cane,2015,36139166.0
Colombia,Sugar cane,2016,34759606.06
Colombia,Sugar cane,2017,23389039.0
Colombia,Sugar cane,2018,33454409.0
Colombia,Sugar cane,2019,33835406.0
Colombia,Sugar cane,2020,36364744.04
Colombia,Sugar cane,2021,34583307.13
Colombia,Sugar cane,2022,35723117.0
Colombia,Sugar cane,2023,32189251.0
Colombia,Sugar cane,2024,31856922.0
Colombia,Wheat,1961,142100.0
Colombia,Wheat,1962,162000.0
Colombia,Wheat,1963,90000.0
Colombia,Wheat,1964,85000.0
Colombia,Wheat,1965,110000.0
Colombia,Wheat,1966,125000.0
Colombia,Wheat,1967,80000.0
Colombia,Wheat,1968,105000.0
Colombia,Wheat,1969,88700.0
Colombia,Wheat,1970,53700.0
Colombia,Wheat,1971,53200.0
Colombia,Wheat,1972,69200.0
Colombia,Wheat,1973,72400.0
Colombia,Wheat,1974,58800.0
Colombia,Wheat,1975,38900.0
Colombia,Wheat,1976,45300.0
Colombia,Wheat,1977,29400.0
Colombia,Wheat,1978,37700.0
Colombia,Wheat,1979,41970.0
Colombia,Wheat,1980,45690.0
Colombia,Wheat,1981,62300.0
Colombia,Wheat,1982,70700.0
Colombia,Wheat,1983,77800.0
Colombia,Wheat,1984,59300.0
Colombia,Wheat,1985,76100.0
Colombia,Wheat,1986,81700.0
Colombia,Wheat,1987,74200.0
Colombia,Wheat,1988,62500.0
Colombia,Wheat,1989,79700.0
Colombia,Wheat,1990,104800.0
Colombia,Wheat,1991,93900.0
Colombia,Wheat,1992,75219.0
Colombia,Wheat,1993,96303.0
Colombia,Wheat,1994,105183.0
Colombia,Wheat,1995,74126.0
Colombia,Wheat,1996,64623.0
Colombia,Wheat,1997,50181.0
Colombia,Wheat,1998,39064.0
Colombia,Wheat,1999,40008.0
Colombia,Wheat,2000,37085.0
Colombia,Wheat,2001,31793.0
Colombia,Wheat,2002,40795.0
Colombia,Wheat,2003,46571.0
Colombia,Wheat,2004,43471.0
Colombia,Wheat,2005,43963.0
Colombia,Wheat,2006,26399.0
Colombia,Wheat,2007,36778.0
Colombia,Wheat,2008,39191.0
Colombia,Wheat,2009,24349.0
Colombia,Wheat,2010,15147.0
Colombia,Wheat,2011,12754.0
Colombia,Wheat,2012,8990.0
Colombia,Wheat,2013,8345.66
Colombia,Wheat,2014,6488.09
Colombia,Wheat,2015,9890.5
Colombia,Wheat,2016,13550.27
Colombia,Wheat,2017,5478.61
Colombia,Wheat,2018,6399.28
Colombia,Wheat,2019,5684.02
Colombia,Wheat,2020,6295.0
Colombia,Wheat,2021,6965.0
Colombia,Wheat,2022,12930.0
Colombia,Wheat,2023,8322.0
Colombia,Wheat,2024,4636.0
Costa Rica,Maize (corn),1961,51913.0
Costa Rica,Maize (corn),1962,56794.0
Costa Rica,Maize (corn),1963,59017.0
Costa Rica,Maize (corn),1964,61224.0
Costa Rica,Maize (corn),1965,77285.0
Costa Rica,Maize (corn),1966,77491.0
Costa Rica,Maize (corn),1967,84771.0
Costa Rica,Maize (corn),1968,81647.0
Costa Rica,Maize (corn),1969,76750.0
Costa Rica,Maize (corn),1970,71294.0
Costa Rica,Maize (corn),1971,70073.0
Costa Rica,Maize (corn),1972,75910.0
Costa Rica,Maize (corn),1973,65476.0
Costa Rica,Maize (corn),1974,60519.0
Costa Rica,Maize (corn),1975,67767.0
Costa Rica,Maize (corn),1976,91672.0
Costa Rica,Maize (corn),1977,84703.0
Costa Rica,Maize (corn),1978,62284.0
Costa Rica,Maize (corn),1979,72880.0
Costa Rica,Maize (corn),1980,75314.0
Costa Rica,Maize (corn),1981,82796.0
Costa Rica,Maize (corn),1982,82300.0
Costa Rica,Maize (corn),1983,94113.0
Costa Rica,Maize (corn),1984,102869.0
Costa Rica,Maize (corn),1985,118660.0
Costa Rica,Maize (corn),1986,120211.0
Costa Rica,Maize (corn),1987,127000.0
Costa Rica,Maize (corn),1988,98200.0
Costa Rica,Maize (corn),1989,82730.0
Costa Rica,Maize (corn),1990,66499.0
Costa Rica,Maize (corn),1991,51469.0
Costa Rica,Maize (corn),1992,39391.0
Costa Rica,Maize (corn),1993,36110.0
Costa Rica,Maize (corn),1994,34516.0
Costa Rica,Maize (corn),1995,26810.0
Costa Rica,Maize (corn),1996,29794.0
Costa Rica,Maize (corn),1997,33329.0
Costa Rica,Maize (corn),1998,24066.0
Costa Rica,Maize (corn),1999,28136.0
Costa Rica,Maize (corn),2000,18502.0
Costa Rica,Maize (corn),2001,12755.0
Costa Rica,Maize (corn),2002,11600.0
Costa Rica,Maize (corn),2003,14644.0
Costa Rica,Maize (corn),2004,12649.0
Costa Rica,Maize (corn),2005,13223.0
Costa Rica,Maize (corn),2006,13002.0
Costa Rica,Maize (corn),2007,19486.0
Costa Rica,Maize (corn),2008,12766.0
Costa Rica,Maize (corn),2009,23860.0
Costa Rica,Maize (corn),2010,18765.0
Costa Rica,Maize (corn),2011,18501.0
Costa Rica,Maize (corn),2012,17323.0
Costa Rica,Maize (corn),2013,13969.0
Costa Rica,Maize (corn),2014,10430.0
Costa Rica,Maize (corn),2015,8072.0
Costa Rica,Maize (corn),2016,9542.0
Costa Rica,Maize (corn),2017,6720.0
Costa Rica,Maize (corn),2018,18062.6
Costa Rica,Maize (corn),2019,13305.7
Costa Rica,Maize (corn),2020,14181.0
Costa Rica,Maize (corn),2021,6026.0
Costa Rica,Maize (corn),2022,6706.0
Costa Rica,Maize (corn),2023,7321.0
Costa Rica,Maize (corn),2024,8042.0
Costa Rica,Sorghum,1961,6500.0
Costa Rica,Sorghum,1962,10000.0
Costa Rica,Sorghum,1963,6700.0
Costa Rica,Sorghum,1964,11100.0
Costa Rica,Sorghum,1965,6500.0
Costa Rica,Sorghum,1966,9800.0
Costa Rica,Sorghum,1967,9100.0
Costa Rica,Sorghum,1968,9800.0
Costa Rica,Sorghum,1969,8500.0
Costa Rica,Sorghum,1970,11400.0
Costa Rica,Sorghum,1971,11900.0
Costa Rica,Sorghum,1972,12645.0
Costa Rica,Sorghum,1973,16560.0
Costa Rica,Sorghum,1974,14129.0
Costa Rica,Sorghum,1975,19780.0
Costa Rica,Sorghum,1976,30855.0
Costa Rica,Sorghum,1977,40986.0
Costa Rica,Sorghum,1978,52565.0
Costa Rica,Sorghum,1979,33650.0
Costa Rica,Sorghum,1980,41622.0
Costa Rica,Sorghum,1981,30845.0
Costa Rica,Sorghum,1982,27230.0
Costa Rica,Sorghum,1983,31506.0
Costa Rica,Sorghum,1984,37211.0
Costa Rica,Sorghum,1985,37692.0
Costa Rica,Sorghum,1986,37155.0
Costa Rica,Sorghum,1987,18690.0
Costa Rica,Sorghum,1988,11333.0
Costa Rica,Sorghum,1989,5900.0
Costa Rica,Sorghum,1990,2630.0
Costa Rica,Sorghum,1991,640.0
Costa Rica,Sorghum,1992,0.0
Costa Rica,Sorghum,1993,
Costa Rica,Sorghum,1994,
Costa Rica,Sorghum,1995,
Costa Rica,Sorghum,1996,
Costa Rica,Sorghum,1997,
Costa Rica,Sorghum,1998,
Costa Rica,Sorghum,1999,
Costa Rica,Sorghum,2000,
Costa Rica,Sorghum,2001,
Costa Rica,Sorghum,2002,
Costa Rica,Sorghum,2003,
Costa Rica,Sorghum,2004,
Costa Rica,Sorghum,2005,
Costa Rica,Sorghum,2006,
Costa Rica,Sorghum,2007,
Costa Rica,Sorghum,2008,
Costa Rica,Sorghum,2009,
Costa Rica,Sorghum,2010,
Costa Rica,Sorghum,2011,
Costa Rica,Sorghum,2012,
Costa Rica,Sorghum,2013,
Costa Rica,Sorghum,2014,
Costa Rica,Sorghum,2015,
Costa Rica,Sorghum,2016,
Costa Rica,Sorghum,2017,
Costa Rica,Sorghum,2018,
Costa Rica,Sorghum,2019,
Costa Rica,Sorghum,2020,
Costa Rica,Sorghum,2021,
Costa Rica,Sorghum,2022,
Costa Rica,Sorghum,2023,
Costa Rica,Sorghum,2024,
Costa Rica,Sugar cane,1961,1069722.0
Costa Rica,Sugar cane,1962,1085835.0
Costa Rica,Sugar cane,1963,1258117.0
Costa Rica,Sugar cane,1964,1330361.0
Costa Rica,Sugar cane,1965,1397153.0
Costa Rica,Sugar cane,1966,1664443.0
Costa Rica,Sugar cane,1967,1645187.0
Costa Rica,Sugar cane,1968,1726711.0
Costa Rica,Sugar cane,1969,1792224.0
Costa Rica,Sugar cane,1970,2134787.0
Costa Rica,Sugar cane,1971,2097983.0
Costa Rica,Sugar cane,1972,2301427.0
Costa Rica,Sugar cane,1973,2341294.0
Costa Rica,Sugar cane,1974,2192581.0
Costa Rica,Sugar cane,1975,2323870.0
Costa Rica,Sugar cane,1976,2291585.0
Costa Rica,Sugar cane,1977,2519421.0
Costa Rica,Sugar cane,1978,2578741.0
Costa Rica,Sugar cane,1979,2615128.0
Costa Rica,Sugar cane,1980,2516456.0
Costa Rica,Sugar cane,1981,2521865.0
Costa Rica,Sugar cane,1982,2446200.0
Costa Rica,Sugar cane,1983,2543489.0
Costa Rica,Sugar cane,1984,2935809.0
Costa Rica,Sugar cane,1985,2949551.0
Costa Rica,Sugar cane,1986,2801814.0
Costa Rica,Sugar cane,1987,2674639.0
Costa Rica,Sugar cane,1988,2680461.0
Costa Rica,Sugar cane,1989,2370000.0
Costa Rica,Sugar cane,1990,2630000.0
Costa Rica,Sugar cane,1991,2830000.0
Costa Rica,Sugar cane,1992,3040000.0
Costa Rica,Sugar cane,1993,3180000.0
Costa Rica,Sugar cane,1994,3200000.0
Costa Rica,Sugar cane,1995,3640000.0
Costa Rica,Sugar cane,1996,3350000.0
Costa Rica,Sugar cane,1997,3880000.0
Costa Rica,Sugar cane,1998,3870000.0
Costa Rica,Sugar cane,1999,3700000.0
Costa Rica,Sugar cane,2000,3800000.0
Costa Rica,Sugar cane,2001,4000000.0
Costa Rica,Sugar cane,2002,3800000.0
Costa Rica,Sugar cane,2003,4400000.0
Costa Rica,Sugar cane,2004,4200000.0
Costa Rica,Sugar cane,2005,4000000.0
Costa Rica,Sugar cane,2006,4600000.0
Costa Rica,Sugar cane,2007,4600000.0
Costa Rica,Sugar cane,2008,4200000.0
Costa Rica,Sugar cane,2009,4100000.0
Costa Rica,Sugar cane,2010,3734732.0
Costa Rica,Sugar cane,2011,3418193.0
Costa Rica,Sugar cane,2012,4005752.0
Costa Rica,Sugar cane,2013,4411088.0
Costa Rica,Sugar cane,2014,4492123.0
Costa Rica,Sugar cane,2015,4344048.0
Costa Rica,Sugar cane,2016,4265913.0
Costa Rica,Sugar cane,2017,4158370.0
Costa Rica,Sugar cane,2018,4007955.4
Costa Rica,Sugar cane,2019,4009954.3
Costa Rica,Sugar cane,2020,4194597.0
Costa Rica,Sugar cane,2021,3995020.0
Costa Rica,Sugar cane,2022,3897888.0
Costa Rica,Sugar cane,2023,3422767.0
Costa Rica,Sugar cane,2024,4139275.0
Cuba,Maize (corn),1961,97000.0
Cuba,Maize (corn),1962,98000.0
Cuba,Maize (corn),1963,95000.0
Cuba,Maize (corn),1964,90000.0
Cuba,Maize (corn),1965,87000.0
Cuba,Maize (corn),1966,90000.0
Cuba,Maize (corn),1967,88000.0
Cuba,Maize (corn),1968,90000.0
Cuba,Maize (corn),1969,82000.0
Cuba,Maize (corn),1970,85000.0
Cuba,Maize (corn),1971,88000.0
Cuba,Maize (corn),1972,88950.0
Cuba,Maize (corn),1973,86924.0
Cuba,Maize (corn),1974,94821.0
Cuba,Maize (corn),1975,93536.0
Cuba,Maize (corn),1976,94000.0
Cuba,Maize (corn),1977,95000.0
Cuba,Maize (corn),1978,95000.0
Cuba,Maize (corn),1979,95000.0
Cuba,Maize (corn),1980,95000.0
Cuba,Maize (corn),1981,95000.0
Cuba,Maize (corn),1982,95000.0
Cuba,Maize (corn),1983,95000.0
Cuba,Maize (corn),1984,95000.0
Cuba,Maize (corn),1985,95000.0
Cuba,Maize (corn),1986,95000.0
Cuba,Maize (corn),1987,95000.0
Cuba,Maize (corn),1988,95000.0
Cuba,Maize (corn),1989,80000.0
Cuba,Maize (corn),1990,65045.0
Cuba,Maize (corn),1991,55349.0
Cuba,Maize (corn),1992,65000.0
Cuba,Maize (corn),1993,68000.0
Cuba,Maize (corn),1994,98500.0
Cuba,Maize (corn),1995,103800.0
Cuba,Maize (corn),1996,143900.0
Cuba,Maize (corn),1997,202500.0
Cuba,Maize (corn),1998,176600.0
Cuba,Maize (corn),1999,237700.0
Cuba,Maize (corn),2000,273200.0
Cuba,Maize (corn),2001,298900.0
Cuba,Maize (corn),2002,309000.0
Cuba,Maize (corn),2003,360000.0
Cuba,Maize (corn),2004,398700.0
Cuba,Maize (corn),2005,362500.0
Cuba,Maize (corn),2006,305400.0
Cuba,Maize (corn),2007,368800.0
Cuba,Maize (corn),2008,325700.0
Cuba,Maize (corn),2009,304800.0
Cuba,Maize (corn),2010,324463.0
Cuba,Maize (corn),2011,354000.0
Cuba,Maize (corn),2012,360400.0
Cuba,Maize (corn),2013,426200.0
Cuba,Maize (corn),2014,428695.0
Cuba,Maize (corn),2015,363021.0
Cuba,Maize (corn),2016,404467.0
Cuba,Maize (corn),2017,373870.0
Cuba,Maize (corn),2018,345909.18
Cuba,Maize (corn),2019,307000.0
Cuba,Maize (corn),2020,257216.4
Cuba,Maize (corn),2021,238721.0
Cuba,Maize (corn),2022,167054.07
Cuba,Maize (corn),2023,149919.0
Cuba,Maize (corn),2024,220000.0
Cuba,Sorghum,1961,27400.0
Cuba,Sorghum,1962,27100.0
Cuba,Sorghum,1963,25000.0
Cuba,Sorghum,1964,15000.0
Cuba,Sorghum,1965,15000.0
Cuba,Sorghum,1966,11000.0
Cuba,Sorghum,1967,8500.0
Cuba,Sorghum,1968,6500.0
Cuba,Sorghum,1969,4500.0
Cuba,Sorghum,1970,3200.0
Cuba,Sorghum,1971,2200.0
Cuba,Sorghum,1972,2000.0
Cuba,Sorghum,1973,1100.0
Cuba,Sorghum,1974,1100.0
Cuba,Sorghum,1975,1100.0
Cuba,Sorghum,1976,1100.0
Cuba,Sorghum,1977,1100.0
Cuba,Sorghum,1978,1100.0
Cuba,Sorghum,1979,1100.0
Cuba,Sorghum,1980,1100.0
Cuba,Sorghum,1981,1100.0
Cuba,Sorghum,1982,1100.0
Cuba,Sorghum,1983,1100.0
Cuba,Sorghum,1984,1100.0
Cuba,Sorghum,1985,1100.0
Cuba,Sorghum,1986,1100.0
Cuba,Sorghum,1987,1100.0
Cuba,Sorghum,1988,1100.0
Cuba,Sorghum,1989,1100.0
Cuba,Sorghum,1990,971.0
Cuba,Sorghum,1991,677.5
Cuba,Sorghum,1992,677.5
Cuba,Sorghum,1993,631.71
Cuba,Sorghum,1994,947.85
Cuba,Sorghum,1995,1000.0
Cuba,Sorghum,1996,730.9
Cuba,Sorghum,1997,572.34
Cuba,Sorghum,1998,326.25
Cuba,Sorghum,1999,190.0
Cuba,Sorghum,2000,200.0
Cuba,Sorghum,2001,215.0
Cuba,Sorghum,2002,179.0
Cuba,Sorghum,2003,155.0
Cuba,Sorghum,2004,1769.0
Cuba,Sorghum,2005,2097.0
Cuba,Sorghum,2006,4519.0
Cuba,Sorghum,2007,1069.0
Cuba,Sorghum,2008,480.0
Cuba,Sorghum,2009,297.0
Cuba,Sorghum,2010,223.0
Cuba,Sorghum,2011,258.0
Cuba,Sorghum,2012,1983.0
Cuba,Sorghum,2013,5503.0
Cuba,Sorghum,2014,4085.0
Cuba,Sorghum,2015,10607.9
Cuba,Sorghum,2016,12455.8
Cuba,Sorghum,2017,7600.0
Cuba,Sorghum,2018,5595.0
Cuba,Sorghum,2019,4292.34
Cuba,Sorghum,2020,1920.0
Cuba,Sorghum,2021,1417.06
Cuba,Sorghum,2022,3650.79
Cuba,Sorghum,2023,3599.07
Cuba,Sorghum,2024,3628.27
Cuba,Sugar cane,1961,55885920.0
Cuba,Sugar cane,1962,36721104.0
Cuba,Sugar cane,1963,31418896.0
Cuba,Sugar cane,1964,37202800.0
Cuba,Sugar cane,1965,50695296.0
Cuba,Sugar cane,1966,37800000.0
Cuba,Sugar cane,1967,51200000.0
Cuba,Sugar cane,1968,45700000.0
Cuba,Sugar cane,1969,43800000.0
Cuba,Sugar cane,1970,82900000.0
Cuba,Sugar cane,1971,54700000.0
Cuba,Sugar cane,1972,46800000.0
Cuba,Sugar cane,1973,50270000.0
Cuba,Sugar cane,1974,52914000.0
Cuba,Sugar cane,1975,52389008.0
Cuba,Sugar cane,1976,53486000.0
Cuba,Sugar cane,1977,60353008.0
Cuba,Sugar cane,1978,69653008.0
Cuba,Sugar cane,1979,77311408.0
Cuba,Sugar cane,1980,63977408.0
Cuba,Sugar cane,1981,66678496.0
Cuba,Sugar cane,1982,73100000.0
Cuba,Sugar cane,1983,69700000.0
Cuba,Sugar cane,1984,77400000.0
Cuba,Sugar cane,1985,67400000.0
Cuba,Sugar cane,1986,68500000.0
Cuba,Sugar cane,1987,70801808.0
Cuba,Sugar cane,1988,73744608.0
Cuba,Sugar cane,1989,81002896.0
Cuba,Sugar cane,1990,81800000.0
Cuba,Sugar cane,1991,79700000.0
Cuba,Sugar cane,1992,66300000.0
Cuba,Sugar cane,1993,43700000.0
Cuba,Sugar cane,1994,43200000.0
Cuba,Sugar cane,1995,33600000.0
Cuba,Sugar cane,1996,41300000.0
Cuba,Sugar cane,1997,38900000.0
Cuba,Sugar cane,1998,32800000.0
Cuba,Sugar cane,1999,34000000.0
Cuba,Sugar cane,2000,36400000.0
Cuba,Sugar cane,2001,32100000.0
Cuba,Sugar cane,2002,34700000.0
Cuba,Sugar cane,2003,22100000.0
Cuba,Sugar cane,2004,23800000.0
Cuba,Sugar cane,2005,11600000.0
Cuba,Sugar cane,2006,11060000.0
Cuba,Sugar cane,2007,11900000.0
Cuba,Sugar cane,2008,15700000.0
Cuba,Sugar cane,2009,14900000.0
Cuba,Sugar cane,2010,11600000.0
Cuba,Sugar cane,2011,11900000.0
Cuba,Sugar cane,2012,14700000.0
Cuba,Sugar cane,2013,16100000.0
Cuba,Sugar cane,2014,17800000.0
Cuba,Sugar cane,2015,19300000.0
Cuba,Sugar cane,2016,18000000.0
Cuba,Sugar cane,2017,19900000.0
Cuba,Sugar cane,2018,12600000.0
Cuba,Sugar cane,2019,17000000.0
Cuba,Sugar cane,2020,13871764.0
Cuba,Sugar cane,2021,10230634.0
Cuba,Sugar cane,2022,7000000.0
Cuba,Sugar cane,2023,5100000.0
Cuba,Sugar cane,2024,9050599.5
Dominica,Maize (corn),1961,130.0
Dominica,Maize (corn),1962,130.0
Dominica,Maize (corn),1963,140.0
Dominica,Maize (corn),1964,140.0
Dominica,Maize (corn),1965,150.0
Dominica,Maize (corn),1966,150.0
Dominica,Maize (corn),1967,160.0
Dominica,Maize (corn),1968,160.0
Dominica,Maize (corn),1969,160.0
Dominica,Maize (corn),1970,160.0
Dominica,Maize (corn),1971,170.0
Dominica,Maize (corn),1972,170.0
Dominica,Maize (corn),1973,180.0
Dominica,Maize (corn),1974,180.0
Dominica,Maize (corn),1975,190.0
Dominica,Maize (corn),1976,200.0
Dominica,Maize (corn),1977,200.0
Dominica,Maize (corn),1978,200.0
Dominica,Maize (corn),1979,220.0
Dominica,Maize (corn),1980,230.0
Dominica,Maize (corn),1981,235.0
Dominica,Maize (corn),1982,240.0
Dominica,Maize (corn),1983,250.0
Dominica,Maize (corn),1984,230.0
Dominica,Maize (corn),1985,200.0
Dominica,Maize (corn),1986,180.0
Dominica,Maize (corn),1987,180.0
Dominica,Maize (corn),1988,160.0
Dominica,Maize (corn),1989,160.0
Dominica,Maize (corn),1990,150.0
Dominica,Maize (corn),1991,159.4
Dominica,Maize (corn),1992,161.78
Dominica,Maize (corn),1993,160.0
Dominica,Maize (corn),1994,174.37
Dominica,Maize (corn),1995,170.0
Dominica,Maize (corn),1996,172.59
Dominica,Maize (corn),1997,173.76
Dominica,Maize (corn),1998,168.15
Dominica,Maize (corn),1999,174.24
Dominica,Maize (corn),2000,175.21
Dominica,Maize (corn),2001,173.8
Dominica,Maize (corn),2002,176.14
Dominica,Maize (corn),2003,180.0
Dominica,Maize (corn),2004,182.02
Dominica,Maize (corn),2005,190.0
Dominica,Maize (corn),2006,200.0
Dominica,Maize (corn),2007,210.0
Dominica,Maize (corn),2008,190.21
Dominica,Maize (corn),2009,184.23
Dominica,Maize (corn),2010,170.0
Dominica,Maize (corn),2011,140.0
Dominica,Maize (corn),2012,200.0
Dominica,Maize (corn),2013,200.0
Dominica,Maize (corn),2014,193.88
Dominica,Maize (corn),2015,188.94
Dominica,Maize (corn),2016,188.27
Dominica,Maize (corn),2017,189.57
Dominica,Maize (corn),2018,190.47
Dominica,Maize (corn),2019,191.38
Dominica,Maize (corn),2020,192.3
Dominica,Maize (corn),2021,193.31
Dominica,Maize (corn),2022,193.13
Dominica,Maize (corn),2023,193.66
Dominica,Maize (corn),2024,194.19
Dominica,Sugar cane,1961,6400.0
Dominica,Sugar cane,1962,6400.0
Dominica,Sugar cane,1963,7315.0
Dominica,Sugar cane,1964,7315.0
Dominica,Sugar cane,1965,6500.0
Dominica,Sugar cane,1966,5500.0
Dominica,Sugar cane,1967,4980.0
Dominica,Sugar cane,1968,5080.0
Dominica,Sugar cane,1969,4670.0
Dominica,Sugar cane,1970,4300.0
Dominica,Sugar cane,1971,4000.0
Dominica,Sugar cane,1972,4000.0
Dominica,Sugar cane,1973,4000.0
Dominica,Sugar cane,1974,4000.0
Dominica,Sugar cane,1975,4000.0
Dominica,Sugar cane,1976,4000.0
Dominica,Sugar cane,1977,4000.0
Dominica,Sugar cane,1978,4100.0
Dominica,Sugar cane,1979,4400.0
Dominica,Sugar cane,1980,4600.0
Dominica,Sugar cane,1981,4600.0
Dominica,Sugar cane,1982,4800.0
Dominica,Sugar cane,1983,5000.0
Dominica,Sugar cane,1984,5000.0
Dominica,Sugar cane,1985,5000.0
Dominica,Sugar cane,1986,4900.0
Dominica,Sugar cane,1987,4800.0
Dominica,Sugar cane,1988,4700.0
Dominica,Sugar cane,1989,4400.0
Dominica,Sugar cane,1990,4500.0
Dominica,Sugar cane,1991,4400.0
Dominica,Sugar cane,1992,4400.0
Dominica,Sugar cane,1993,4500.0
Dominica,Sugar cane,1994,4600.0
Dominica,Sugar cane,1995,4600.0
Dominica,Sugar cane,1996,4600.0
Dominica,Sugar cane,1997,4600.0
Dominica,Sugar cane,1998,4300.0
Dominica,Sugar cane,1999,4400.0
Dominica,Sugar cane,2000,4400.0
Dominica,Sugar cane,2001,4400.0
Dominica,Sugar cane,2002,4400.0
Dominica,Sugar cane,2003,4400.0
Dominica,Sugar cane,2004,4400.0
Dominica,Sugar cane,2005,4400.0
Dominica,Sugar cane,2006,4400.0
Dominica,Sugar cane,2007,4800.0
Dominica,Sugar cane,2008,4800.0
Dominica,Sugar cane,2009,4800.0
Dominica,Sugar cane,2010,4800.0
Dominica,Sugar cane,2011,4800.0
Dominica,Sugar cane,2012,4800.0
Dominica,Sugar cane,2013,4800.0
Dominica,Sugar cane,2014,4802.15
Dominica,Sugar cane,2015,4836.07
Dominica,Sugar cane,2016,4852.7
Dominica,Sugar cane,2017,4867.56
Dominica,Sugar cane,2018,4868.98
Dominica,Sugar cane,2019,4869.08
Dominica,Sugar cane,2020,4873.07
Dominica,Sugar cane,2021,4890.23
Dominica,Sugar cane,2022,4894.28
Dominica,Sugar cane,2023,4900.99
Dominica,Sugar cane,2024,4907.71
Dominican Republic,Maize (corn),1961,50233.0
Dominican Republic,Maize (corn),1962,48464.0
Dominican Republic,Maize (corn),1963,45583.0
Dominican Republic,Maize (corn),1964,43198.0
Dominican Republic,Maize (corn),1965,37500.0
Dominican Republic,Maize (corn),1966,42500.0
Dominican Republic,Maize (corn),1967,38548.0
Dominican Republic,Maize (corn),1968,40000.0
Dominican Republic,Maize (corn),1969,43000.0
Dominican Republic,Maize (corn),1970,45000.0
Dominican Republic,Maize (corn),1971,49000.0
Dominican Republic,Maize (corn),1972,50000.0
Dominican Republic,Maize (corn),1973,46600.0
Dominican Republic,Maize (corn),1974,48800.0
Dominican Republic,Maize (corn),1975,46122.0
Dominican Republic,Maize (corn),1976,66621.0
Dominican Republic,Maize (corn),1977,65488.0
Dominican Republic,Maize (corn),1978,66032.0
Dominican Republic,Maize (corn),1979,38228.0
Dominican Republic,Maize (corn),1980,44488.0
Dominican Republic,Maize (corn),1981,40271.0
Dominican Republic,Maize (corn),1982,27709.0
Dominican Republic,Maize (corn),1983,38457.0
Dominican Republic,Maize (corn),1984,93194.0
Dominican Republic,Maize (corn),1985,66786.0
Dominican Republic,Maize (corn),1986,47098.0
Dominican Republic,Maize (corn),1987,42845.0
Dominican Republic,Maize (corn),1988,57098.0
Dominican Republic,Maize (corn),1989,52300.0
Dominican Republic,Maize (corn),1990,39694.0
Dominican Republic,Maize (corn),1991,43209.0
Dominican Republic,Maize (corn),1992,46154.0
Dominican Republic,Maize (corn),1993,40608.0
Dominican Republic,Maize (corn),1994,28503.86
Dominican Republic,Maize (corn),1995,46947.7
Dominican Republic,Maize (corn),1996,40307.86
Dominican Republic,Maize (corn),1997,33877.0
Dominican Republic,Maize (corn),1998,37045.27
Dominican Republic,Maize (corn),1999,30319.0
Dominican Republic,Maize (corn),2000,23919.0
Dominican Republic,Maize (corn),2001,36515.0
Dominican Republic,Maize (corn),2002,30267.0
Dominican Republic,Maize (corn),2003,43990.02
Dominican Republic,Maize (corn),2004,37707.7
Dominican Republic,Maize (corn),2005,35169.51
Dominican Republic,Maize (corn),2006,30899.0
Dominican Republic,Maize (corn),2007,29429.0
Dominican Republic,Maize (corn),2008,27537.0
Dominican Republic,Maize (corn),2009,35037.0
Dominican Republic,Maize (corn),2010,35078.02
Dominican Republic,Maize (corn),2011,35431.0
Dominican Republic,Maize (corn),2012,41591.22
Dominican Republic,Maize (corn),2013,45415.68
Dominican Republic,Maize (corn),2014,35973.65
Dominican Republic,Maize (corn),2015,34056.02
Dominican Republic,Maize (corn),2016,41665.65
Dominican Republic,Maize (corn),2017,44007.0
Dominican Republic,Maize (corn),2018,44680.62
Dominican Republic,Maize (corn),2019,49840.33
Dominican Republic,Maize (corn),2020,51130.57
Dominican Republic,Maize (corn),2021,54725.12
Dominican Republic,Maize (corn),2022,62824.95
Dominican Republic,Maize (corn),2023,81635.05
Dominican Republic,Maize (corn),2024,91449.13
Dominican Republic,Sorghum,1961,1000.0
Dominican Republic,Sorghum,1962,3000.0
Dominican Republic,Sorghum,1963,5000.0
Dominican Republic,Sorghum,1964,6000.0
Dominican Republic,Sorghum,1965,7000.0
Dominican Republic,Sorghum,1966,8000.0
Dominican Republic,Sorghum,1967,8000.0
Dominican Republic,Sorghum,1968,10000.0
Dominican Republic,Sorghum,1969,12000.0
Dominican Republic,Sorghum,1970,13600.0
Dominican Republic,Sorghum,1971,15000.0
Dominican Republic,Sorghum,1972,16000.0
Dominican Republic,Sorghum,1973,17000.0
Dominican Republic,Sorghum,1974,16900.0
Dominican Republic,Sorghum,1975,17000.0
Dominican Republic,Sorghum,1976,18000.0
Dominican Republic,Sorghum,1977,19000.0
Dominican Republic,Sorghum,1978,12338.0
Dominican Republic,Sorghum,1979,22679.0
Dominican Republic,Sorghum,1980,10819.0
Dominican Republic,Sorghum,1981,19172.0
Dominican Republic,Sorghum,1982,18086.0
Dominican Republic,Sorghum,1983,42446.0
Dominican Republic,Sorghum,1984,42961.0
Dominican Republic,Sorghum,1985,47189.0
Dominican Republic,Sorghum,1986,45585.0
Dominican Republic,Sorghum,1987,48784.0
Dominican Republic,Sorghum,1988,39460.0
Dominican Republic,Sorghum,1989,50874.0
Dominican Republic,Sorghum,1990,20959.0
Dominican Republic,Sorghum,1991,16595.39
Dominican Republic,Sorghum,1992,17347.5
Dominican Republic,Sorghum,1993,15140.0
Dominican Republic,Sorghum,1994,12538.47
Dominican Republic,Sorghum,1995,19405.0
Dominican Republic,Sorghum,1996,12685.25
Dominican Republic,Sorghum,1997,21752.0
Dominican Republic,Sorghum,1998,8071.67
Dominican Republic,Sorghum,1999,7829.0
Dominican Republic,Sorghum,2000,4817.0
Dominican Republic,Sorghum,2001,12620.0
Dominican Republic,Sorghum,2002,5157.0
Dominican Republic,Sorghum,2003,3958.0
Dominican Republic,Sorghum,2004,5644.0
Dominican Republic,Sorghum,2005,1901.52
Dominican Republic,Sorghum,2006,619.0
Dominican Republic,Sorghum,2007,1472.0
Dominican Republic,Sorghum,2008,576.0
Dominican Republic,Sorghum,2009,795.0
Dominican Republic,Sorghum,2010,1150.14
Dominican Republic,Sorghum,2011,2241.0
Dominican Republic,Sorghum,2012,1977.82
Dominican Republic,Sorghum,2013,3897.67
Dominican Republic,Sorghum,2014,1595.16
Dominican Republic,Sorghum,2015,1893.68
Dominican Republic,Sorghum,2016,1135.08
Dominican Republic,Sorghum,2017,1155.0
Dominican Republic,Sorghum,2018,985.17
Dominican Republic,Sorghum,2019,698.95
Dominican Republic,Sorghum,2020,356.26
Dominican Republic,Sorghum,2021,321.87
Dominican Republic,Sorghum,2022,224.21
Dominican Republic,Sorghum,2023,287.32
Dominican Republic,Sorghum,2024,307.84
Dominican Republic,Sugar cane,1961,7811195.0
Dominican Republic,Sugar cane,1962,8086944.0
Dominican Republic,Sugar cane,1963,7402298.0
Dominican Republic,Sugar cane,1964,7783595.0
Dominican Republic,Sugar cane,1965,5544081.0
Dominican Republic,Sugar cane,1966,6638333.0
Dominican Republic,Sugar cane,1967,7055664.0
Dominican Republic,Sugar cane,1968,5687696.0
Dominican Republic,Sugar cane,1969,8328978.0
Dominican Republic,Sugar cane,1970,8654779.0
Dominican Republic,Sugar cane,1971,9973725.0
Dominican Republic,Sugar cane,1972,9831437.0
Dominican Republic,Sugar cane,1973,10091983.0
Dominican Republic,Sugar cane,1974,10130615.0
Dominican Republic,Sugar cane,1975,9337018.0
Dominican Republic,Sugar cane,1976,10932150.0
Dominican Republic,Sugar cane,1977,11091237.0
Dominican Republic,Sugar cane,1978,11093637.0
Dominican Republic,Sugar cane,1979,10304000.0
Dominican Republic,Sugar cane,1980,9055700.0
Dominican Republic,Sugar cane,1981,9629000.0
Dominican Republic,Sugar cane,1982,11805000.0
Dominican Republic,Sugar cane,1983,11520000.0
Dominican Republic,Sugar cane,1984,10271447.0
Dominican Republic,Sugar cane,1985,8419497.0
Dominican Republic,Sugar cane,1986,7695018.0
Dominican Republic,Sugar cane,1987,8525375.0
Dominican Republic,Sugar cane,1988,8374964.0
Dominican Republic,Sugar cane,1989,7855716.0
Dominican Republic,Sugar cane,1990,6511584.0
Dominican Republic,Sugar cane,1991,6930457.0
Dominican Republic,Sugar cane,1992,6915786.0
Dominican Republic,Sugar cane,1993,7368413.0
Dominican Republic,Sugar cane,1994,6257749.0
Dominican Republic,Sugar cane,1995,5442473.01
Dominican Republic,Sugar cane,1996,6130633.99
Dominican Republic,Sugar cane,1997,6594178.99
Dominican Republic,Sugar cane,1998,5096890.0
Dominican Republic,Sugar cane,1999,4452381.57
Dominican Republic,Sugar cane,2000,4510705.98
Dominican Republic,Sugar cane,2001,4830732.06
Dominican Republic,Sugar cane,2002,5152499.0
Dominican Republic,Sugar cane,2003,5019224.0
Dominican Republic,Sugar cane,2004,5539762.0
Dominican Republic,Sugar cane,2005,4858059.0
Dominican Republic,Sugar cane,2006,4796548.0
Dominican Republic,Sugar cane,2007,4964606.0
Dominican Republic,Sugar cane,2008,4845736.0
Dominican Republic,Sugar cane,2009,4621275.0
Dominican Republic,Sugar cane,2010,4577122.0
Dominican Republic,Sugar cane,2011,4644449.0
Dominican Republic,Sugar cane,2012,4865576.0
Dominican Republic,Sugar cane,2013,4771211.0
Dominican Republic,Sugar cane,2014,5033601.02
Dominican Republic,Sugar cane,2015,4535333.0
Dominican Republic,Sugar cane,2016,3980684.0
Dominican Republic,Sugar cane,2017,5460761.0
Dominican Republic,Sugar cane,2018,5809353.0
Dominican Republic,Sugar cane,2019,4895891.0
Dominican Republic,Sugar cane,2020,5317273.0
Dominican Republic,Sugar cane,2021,5505530.0
Dominican Republic,Sugar cane,2022,5799880.0
Dominican Republic,Sugar cane,2023,5669710.8
Dominican Republic,Sugar cane,2024,4948100.0
Ecuador,Maize (corn),1961,153047.0
Ecuador,Maize (corn),1962,138365.0
Ecuador,Maize (corn),1963,191953.0
Ecuador,Maize (corn),1964,128780.0
Ecuador,Maize (corn),1965,191363.0
Ecuador,Maize (corn),1966,174905.0
Ecuador,Maize (corn),1967,227769.0
Ecuador,Maize (corn),1968,173892.0
Ecuador,Maize (corn),1969,211189.0
Ecuador,Maize (corn),1970,256067.0
Ecuador,Maize (corn),1971,249683.0
Ecuador,Maize (corn),1972,257739.0
Ecuador,Maize (corn),1973,245661.0
Ecuador,Maize (corn),1974,255780.0
Ecuador,Maize (corn),1975,273027.0
Ecuador,Maize (corn),1976,274987.0
Ecuador,Maize (corn),1977,218450.0
Ecuador,Maize (corn),1978,175760.0
Ecuador,Maize (corn),1979,217870.0
Ecuador,Maize (corn),1980,241680.0
Ecuador,Maize (corn),1981,281245.0
Ecuador,Maize (corn),1982,323978.0
Ecuador,Maize (corn),1983,229417.0
Ecuador,Maize (corn),1984,325840.0
Ecuador,Maize (corn),1985,362611.0
Ecuador,Maize (corn),1986,466880.0
Ecuador,Maize (corn),1987,431040.0
Ecuador,Maize (corn),1988,397622.0
Ecuador,Maize (corn),1989,484543.0
Ecuador,Maize (corn),1990,465399.0
Ecuador,Maize (corn),1991,513028.0
Ecuador,Maize (corn),1992,521682.0
Ecuador,Maize (corn),1993,581238.0
Ecuador,Maize (corn),1994,581401.0
Ecuador,Maize (corn),1995,557388.0
Ecuador,Maize (corn),1996,603410.0
Ecuador,Maize (corn),1997,623481.0
Ecuador,Maize (corn),1998,382464.0
Ecuador,Maize (corn),1999,500314.0
Ecuador,Maize (corn),2000,587516.0
Ecuador,Maize (corn),2001,337057.0
Ecuador,Maize (corn),2002,583361.0
Ecuador,Maize (corn),2003,625424.0
Ecuador,Maize (corn),2004,785191.0
Ecuador,Maize (corn),2005,788837.0
Ecuador,Maize (corn),2006,733627.0
Ecuador,Maize (corn),2007,944952.0
Ecuador,Maize (corn),2008,804503.0
Ecuador,Maize (corn),2009,811386.0
Ecuador,Maize (corn),2010,984096.0
Ecuador,Maize (corn),2011,963262.0
Ecuador,Maize (corn),2012,1329532.0
Ecuador,Maize (corn),2013,1177182.0
Ecuador,Maize (corn),2014,1667703.92
Ecuador,Maize (corn),2015,1873524.66
Ecuador,Maize (corn),2016,1091108.07
Ecuador,Maize (corn),2017,1436105.75
Ecuador,Maize (corn),2018,1324147.0
Ecuador,Maize (corn),2019,1479769.89
Ecuador,Maize (corn),2020,1304884.0
Ecuador,Maize (corn),2021,1699369.61
Ecuador,Maize (corn),2022,1641131.23
Ecuador,Maize (corn),2023,1413382.16
Ecuador,Maize (corn),2024,1195203.48
Ecuador,Sorghum,1961,0.0
Ecuador,Sorghum,1962,0.0
Ecuador,Sorghum,1963,0.0
Ecuador,Sorghum,1964,0.0
Ecuador,Sorghum,1965,0.0
Ecuador,Sorghum,1966,0.0
Ecuador,Sorghum,1967,0.0
Ecuador,Sorghum,1968,0.0
Ecuador,Sorghum,1969,0.0
Ecuador,Sorghum,1970,0.0
Ecuador,Sorghum,1971,0.0
Ecuador,Sorghum,1972,0.0
Ecuador,Sorghum,1973,0.0
Ecuador,Sorghum,1974,0.0
Ecuador,Sorghum,1975,0.0
Ecuador,Sorghum,1976,2639.0
Ecuador,Sorghum,1977,1300.0
Ecuador,Sorghum,1978,133.0
Ecuador,Sorghum,1979,280.0
Ecuador,Sorghum,1980,249.0
Ecuador,Sorghum,1981,644.0
Ecuador,Sorghum,1982,2707.0
Ecuador,Sorghum,1983,387.0
Ecuador,Sorghum,1984,4996.0
Ecuador,Sorghum,1985,26072.0
Ecuador,Sorghum,1986,6491.0
Ecuador,Sorghum,1987,7989.0
Ecuador,Sorghum,1988,4829.0
Ecuador,Sorghum,1989,4441.0
Ecuador,Sorghum,1990,2963.0
Ecuador,Sorghum,1991,6085.0
Ecuador,Sorghum,1992,2498.0
Ecuador,Sorghum,1993,1528.0
Ecuador,Sorghum,1994,2079.0
Ecuador,Sorghum,1995,362.0
Ecuador,Sorghum,1996,2345.0
Ecuador,Sorghum,1997,77.0
Ecuador,Sorghum,1998,2100.0
Ecuador,Sorghum,1999,2100.0
Ecuador,Sorghum,2000,11025.0
Ecuador,Sorghum,2001,10500.0
Ecuador,Sorghum,2002,10000.0
Ecuador,Sorghum,2003,10000.0
Ecuador,Sorghum,2004,10000.0
Ecuador,Sorghum,2005,11000.0
Ecuador,Sorghum,2006,11000.0
Ecuador,Sorghum,2007,12000.0
Ecuador,Sorghum,2008,12000.0
Ecuador,Sorghum,2009,12500.0
Ecuador,Sorghum,2010,12559.15
Ecuador,Sorghum,2011,12970.48
Ecuador,Sorghum,2012,12816.32
Ecuador,Sorghum,2013,13055.8
Ecuador,Sorghum,2014,13321.75
Ecuador,Sorghum,2015,14091.42
Ecuador,Sorghum,2016,13489.66
Ecuador,Sorghum,2017,13462.45
Ecuador,Sorghum,2018,13854.59
Ecuador,Sorghum,2019,14239.37
Ecuador,Sorghum,2020,14513.14
Ecuador,Sorghum,2021,14202.37
Ecuador,Sorghum,2022,14318.29
Ecuador,Sorghum,2023,14344.6
Ecuador,Sorghum,2024,14288.42
Ecuador,Sugar cane,1961,5614095.0
Ecuador,Sugar cane,1962,5474000.0
Ecuador,Sugar cane,1963,6386460.0
Ecuador,Sugar cane,1964,7776300.0
Ecuador,Sugar cane,1965,8086730.0
Ecuador,Sugar cane,1966,9004200.0
Ecuador,Sugar cane,1967,7528250.0
Ecuador,Sugar cane,1968,9528500.0
Ecuador,Sugar cane,1969,7000000.0
Ecuador,Sugar cane,1970,6500000.0
Ecuador,Sugar cane,1971,6000000.0
Ecuador,Sugar cane,1972,5576300.0
Ecuador,Sugar cane,1973,5476998.0
Ecuador,Sugar cane,1974,6647140.0
Ecuador,Sugar cane,1975,7723420.0
Ecuador,Sugar cane,1976,5761315.0
Ecuador,Sugar cane,1977,7518029.0
Ecuador,Sugar cane,1978,6927704.0
Ecuador,Sugar cane,1979,6599436.0
Ecuador,Sugar cane,1980,6615197.0
Ecuador,Sugar cane,1981,6278379.0
Ecuador,Sugar cane,1982,5420875.0
Ecuador,Sugar cane,1983,5620045.0
Ecuador,Sugar cane,1984,5698231.0
Ecuador,Sugar cane,1985,4994801.0
Ecuador,Sugar cane,1986,5397701.0
Ecuador,Sugar cane,1987,5612372.0
Ecuador,Sugar cane,1988,5127071.0
Ecuador,Sugar cane,1989,5663521.0
Ecuador,Sugar cane,1990,5720897.0
Ecuador,Sugar cane,1991,6900000.0
Ecuador,Sugar cane,1992,3591012.0
Ecuador,Sugar cane,1993,4072775.0
Ecuador,Sugar cane,1994,3634709.0
Ecuador,Sugar cane,1995,3960044.0
Ecuador,Sugar cane,1996,4069384.0
Ecuador,Sugar cane,1997,4132810.0
Ecuador,Sugar cane,1998,7000000.0
Ecuador,Sugar cane,1999,5562309.0
Ecuador,Sugar cane,2000,5402376.0
Ecuador,Sugar cane,2001,5653940.0
Ecuador,Sugar cane,2002,5272647.0
Ecuador,Sugar cane,2003,5834828.0
Ecuador,Sugar cane,2004,6118706.0
Ecuador,Sugar cane,2005,6834076.0
Ecuador,Sugar cane,2006,6995613.0
Ecuador,Sugar cane,2007,8360001.0
Ecuador,Sugar cane,2008,9341095.0
Ecuador,Sugar cane,2009,8473141.0
Ecuador,Sugar cane,2010,8347182.0
Ecuador,Sugar cane,2011,8131819.0
Ecuador,Sugar cane,2012,7378922.0
Ecuador,Sugar cane,2013,7158265.0
Ecuador,Sugar cane,2014,8251305.86
Ecuador,Sugar cane,2015,10106104.82
Ecuador,Sugar cane,2016,8661609.27
Ecuador,Sugar cane,2017,9030074.0
Ecuador,Sugar cane,2018,7502251.0
Ecuador,Sugar cane,2019,9257700.24
Ecuador,Sugar cane,2020,11016167.04
Ecuador,Sugar cane,2021,11372505.11
Ecuador,Sugar cane,2022,7740492.1
Ecuador,Sugar cane,2023,6253732.36
Ecuador,Sugar cane,2024,6378738.52
Ecuador,Wheat,1961,78170.0
Ecuador,Wheat,1962,67300.0
Ecuador,Wheat,1963,52600.0
Ecuador,Wheat,1964,47200.0
Ecuador,Wheat,1965,61300.0
Ecuador,Wheat,1966,62727.0
Ecuador,Wheat,1967,78543.0
Ecuador,Wheat,1968,82910.0
Ecuador,Wheat,1969,94099.0
Ecuador,Wheat,1970,81000.0
Ecuador,Wheat,1971,68493.0
Ecuador,Wheat,1972,50640.0
Ecuador,Wheat,1973,45189.0
Ecuador,Wheat,1974,54989.0
Ecuador,Wheat,1975,64647.0
Ecuador,Wheat,1976,65000.0
Ecuador,Wheat,1977,39800.0
Ecuador,Wheat,1978,28904.0
Ecuador,Wheat,1979,31248.0
Ecuador,Wheat,1980,31113.0
Ecuador,Wheat,1981,41431.0
Ecuador,Wheat,1982,38538.0
Ecuador,Wheat,1983,26914.0
Ecuador,Wheat,1984,25172.0
Ecuador,Wheat,1985,18464.0
Ecuador,Wheat,1986,33006.0
Ecuador,Wheat,1987,31368.0
Ecuador,Wheat,1988,34198.0
Ecuador,Wheat,1989,25634.0
Ecuador,Wheat,1990,29907.0
Ecuador,Wheat,1991,17059.0
Ecuador,Wheat,1992,23997.0
Ecuador,Wheat,1993,25528.0
Ecuador,Wheat,1994,19836.0
Ecuador,Wheat,1995,19763.0
Ecuador,Wheat,1996,20431.4
Ecuador,Wheat,1997,19302.0
Ecuador,Wheat,1998,19787.0
Ecuador,Wheat,1999,19011.0
Ecuador,Wheat,2000,12958.0
Ecuador,Wheat,2001,13631.0
Ecuador,Wheat,2002,8845.0
Ecuador,Wheat,2003,11052.0
Ecuador,Wheat,2004,10214.0
Ecuador,Wheat,2005,8429.0
Ecuador,Wheat,2006,7577.0
Ecuador,Wheat,2007,9243.0
Ecuador,Wheat,2008,8144.0
Ecuador,Wheat,2009,11314.0
Ecuador,Wheat,2010,7605.0
Ecuador,Wheat,2011,5938.0
Ecuador,Wheat,2012,7450.22
Ecuador,Wheat,2013,5755.0
Ecuador,Wheat,2014,6814.24
Ecuador,Wheat,2015,2052.72
Ecuador,Wheat,2016,6745.77
Ecuador,Wheat,2017,5803.0
Ecuador,Wheat,2018,5398.0
Ecuador,Wheat,2019,5073.39
Ecuador,Wheat,2020,14647.0
Ecuador,Wheat,2021,10898.38
Ecuador,Wheat,2022,7431.0
Ecuador,Wheat,2023,3976.02
Ecuador,Wheat,2024,7323.1
El Salvador,Maize (corn),1961,176300.0
El Salvador,Maize (corn),1962,213900.0
El Salvador,Maize (corn),1963,207077.0
El Salvador,Maize (corn),1964,191611.0
El Salvador,Maize (corn),1965,203006.0
El Salvador,Maize (corn),1966,265914.0
El Salvador,Maize (corn),1967,208840.0
El Salvador,Maize (corn),1968,257550.0
El Salvador,Maize (corn),1969,278967.0
El Salvador,Maize (corn),1970,363078.0
El Salvador,Maize (corn),1971,377200.0
El Salvador,Maize (corn),1972,236782.0
El Salvador,Maize (corn),1973,405520.0
El Salvador,Maize (corn),1974,352751.0
El Salvador,Maize (corn),1975,439245.0
El Salvador,Maize (corn),1976,342429.0
El Salvador,Maize (corn),1977,379738.0
El Salvador,Maize (corn),1978,506947.0
El Salvador,Maize (corn),1979,522767.0
El Salvador,Maize (corn),1980,529368.0
El Salvador,Maize (corn),1981,499919.0
El Salvador,Maize (corn),1982,414000.0
El Salvador,Maize (corn),1983,443118.0
El Salvador,Maize (corn),1984,527230.0
El Salvador,Maize (corn),1985,495380.0
El Salvador,Maize (corn),1986,437000.0
El Salvador,Maize (corn),1987,578496.0
El Salvador,Maize (corn),1988,595985.0
El Salvador,Maize (corn),1989,588538.0
El Salvador,Maize (corn),1990,602609.0
El Salvador,Maize (corn),1991,504289.0
El Salvador,Maize (corn),1992,705585.0
El Salvador,Maize (corn),1993,630130.0
El Salvador,Maize (corn),1994,480654.0
El Salvador,Maize (corn),1995,647280.0
El Salvador,Maize (corn),1996,629961.0
El Salvador,Maize (corn),1997,507650.0
El Salvador,Maize (corn),1998,563095.0
El Salvador,Maize (corn),1999,659760.0
El Salvador,Maize (corn),2000,582676.0
El Salvador,Maize (corn),2001,571471.0
El Salvador,Maize (corn),2002,644363.0
El Salvador,Maize (corn),2003,627980.0
El Salvador,Maize (corn),2004,648045.0
El Salvador,Maize (corn),2005,727607.0
El Salvador,Maize (corn),2006,742067.0
El Salvador,Maize (corn),2007,699416.0
El Salvador,Maize (corn),2008,868259.0
El Salvador,Maize (corn),2009,785965.0
El Salvador,Maize (corn),2010,768113.0
El Salvador,Maize (corn),2011,756352.0
El Salvador,Maize (corn),2012,925839.0
El Salvador,Maize (corn),2013,866701.0
El Salvador,Maize (corn),2014,819311.0
El Salvador,Maize (corn),2015,710444.0
El Salvador,Maize (corn),2016,923472.0
El Salvador,Maize (corn),2017,904203.59
El Salvador,Maize (corn),2018,685509.27
El Salvador,Maize (corn),2019,785991.0
El Salvador,Maize (corn),2020,780729.73
El Salvador,Maize (corn),2021,836714.56
El Salvador,Maize (corn),2022,779043.0
El Salvador,Maize (corn),2023,770000.0
El Salvador,Maize (corn),2024,785000.0
El Salvador,Sorghum,1961,84430.0
El Salvador,Sorghum,1962,88300.0
El Salvador,Sorghum,1963,91300.0
El Salvador,Sorghum,1964,87743.0
El Salvador,Sorghum,1965,105611.0
El Salvador,Sorghum,1966,114680.0
El Salvador,Sorghum,1967,108100.0
El Salvador,Sorghum,1968,124209.0
El Salvador,Sorghum,1969,128069.0
El Salvador,Sorghum,1970,147186.0
El Salvador,Sorghum,1971,156400.0
El Salvador,Sorghum,1972,145820.0
El Salvador,Sorghum,1973,156400.0
El Salvador,Sorghum,1974,131100.0
El Salvador,Sorghum,1975,174800.0
El Salvador,Sorghum,1976,156363.0
El Salvador,Sorghum,1977,151100.0
El Salvador,Sorghum,1978,161814.0
El Salvador,Sorghum,1979,160310.0
El Salvador,Sorghum,1980,139881.0
El Salvador,Sorghum,1981,135713.0
El Salvador,Sorghum,1982,124200.0
El Salvador,Sorghum,1983,123147.0
El Salvador,Sorghum,1984,140480.0
El Salvador,Sorghum,1985,132608.0
El Salvador,Sorghum,1986,147512.0
El Salvador,Sorghum,1987,25953.0
El Salvador,Sorghum,1988,153304.0
El Salvador,Sorghum,1989,149486.0
El Salvador,Sorghum,1990,160623.0
El Salvador,Sorghum,1991,162881.0
El Salvador,Sorghum,1992,214153.0
El Salvador,Sorghum,1993,204590.0
El Salvador,Sorghum,1994,182017.0
El Salvador,Sorghum,1995,200992.0
El Salvador,Sorghum,1996,182017.0
El Salvador,Sorghum,1997,199678.0
El Salvador,Sorghum,1998,168613.0
El Salvador,Sorghum,1999,139454.0
El Salvador,Sorghum,2000,148942.0
El Salvador,Sorghum,2001,150529.0
El Salvador,Sorghum,2002,140763.0
El Salvador,Sorghum,2003,140963.0
El Salvador,Sorghum,2004,147631.0
El Salvador,Sorghum,2005,141384.0
El Salvador,Sorghum,2006,164007.0
El Salvador,Sorghum,2007,129120.0
El Salvador,Sorghum,2008,134230.0
El Salvador,Sorghum,2009,163698.0
El Salvador,Sorghum,2010,166009.0
El Salvador,Sorghum,2011,141997.0
El Salvador,Sorghum,2012,136575.0
El Salvador,Sorghum,2013,140770.0
El Salvador,Sorghum,2014,140808.0
El Salvador,Sorghum,2015,105245.0
El Salvador,Sorghum,2016,121873.0
El Salvador,Sorghum,2017,96304.45
El Salvador,Sorghum,2018,109290.45
El Salvador,Sorghum,2019,107816.0
El Salvador,Sorghum,2020,107756.6
El Salvador,Sorghum,2021,94023.27
El Salvador,Sorghum,2022,106533.0
El Salvador,Sorghum,2023,100000.0
El Salvador,Sorghum,2024,99000.0
El Salvador,Sugar cane,1961,895900.0
El Salvador,Sugar cane,1962,1030000.0
El Salvador,Sugar cane,1963,987700.0
El Salvador,Sugar cane,1964,1018900.0
El Salvador,Sugar cane,1965,1366000.0
El Salvador,Sugar cane,1966,1487500.0
El Salvador,Sugar cane,1967,1560800.0
El Salvador,Sugar cane,1968,1508700.0
El Salvador,Sugar cane,1969,1469000.0
El Salvador,Sugar cane,1970,1587000.0
El Salvador,Sugar cane,1971,1991000.0
El Salvador,Sugar cane,1972,2312000.0
El Salvador,Sugar cane,1973,2440000.0
El Salvador,Sugar cane,1974,2953000.0
El Salvador,Sugar cane,1975,3166000.0
El Salvador,Sugar cane,1976,3177000.0
El Salvador,Sugar cane,1977,3550000.0
El Salvador,Sugar cane,1978,3596000.0
El Salvador,Sugar cane,1979,3321000.0
El Salvador,Sugar cane,1980,2564000.0
El Salvador,Sugar cane,1981,2263000.0
El Salvador,Sugar cane,1982,2372000.0
El Salvador,Sugar cane,1983,3016000.0
El Salvador,Sugar cane,1984,3402000.0
El Salvador,Sugar cane,1985,3455000.0
El Salvador,Sugar cane,1986,3647000.0
El Salvador,Sugar cane,1987,3405000.0
El Salvador,Sugar cane,1988,2736000.0
El Salvador,Sugar cane,1989,2582000.0
El Salvador,Sugar cane,1990,2956500.0
El Salvador,Sugar cane,1991,4038000.0
El Salvador,Sugar cane,1992,4464000.0
El Salvador,Sugar cane,1993,3762983.0
El Salvador,Sugar cane,1994,3564310.0
El Salvador,Sugar cane,1995,3515322.0
El Salvador,Sugar cane,1996,4908510.0
El Salvador,Sugar cane,1997,5169880.0
El Salvador,Sugar cane,1998,5561050.0
El Salvador,Sugar cane,1999,5306627.0
El Salvador,Sugar cane,2000,5140322.0
El Salvador,Sugar cane,2001,4877241.0
El Salvador,Sugar cane,2002,4528167.0
El Salvador,Sugar cane,2003,4531531.0
El Salvador,Sugar cane,2004,5280400.0
El Salvador,Sugar cane,2005,4404850.0
El Salvador,Sugar cane,2006,4878039.0
El Salvador,Sugar cane,2007,4956477.0
El Salvador,Sugar cane,2008,5249939.0
El Salvador,Sugar cane,2009,5736063.0
El Salvador,Sugar cane,2010,5126693.0
El Salvador,Sugar cane,2011,5832008.0
El Salvador,Sugar cane,2012,6487423.0
El Salvador,Sugar cane,2013,7162995.0
El Salvador,Sugar cane,2014,6782795.0
El Salvador,Sugar cane,2015,6578486.0
El Salvador,Sugar cane,2016,7202141.0
El Salvador,Sugar cane,2017,7078586.0
El Salvador,Sugar cane,2018,7295505.0
El Salvador,Sugar cane,2019,7681286.0
El Salvador,Sugar cane,2020,7508772.96
El Salvador,Sugar cane,2021,7681285.83
El Salvador,Sugar cane,2022,7350297.0
El Salvador,Sugar cane,2023,7200000.0
El Salvador,Sugar cane,2024,7310907.96
French Guiana,Maize (corn),1961,200.0
French Guiana,Maize (corn),1962,405.0
French Guiana,Maize (corn),1963,70.0
French Guiana,Maize (corn),1964,95.0
French Guiana,Maize (corn),1965,95.0
French Guiana,Maize (corn),1966,111.0
French Guiana,Maize (corn),1967,110.0
French Guiana,Maize (corn),1968,85.0
French Guiana,Maize (corn),1969,100.0
French Guiana,Maize (corn),1970,225.0
French Guiana,Maize (corn),1971,1000.0
French Guiana,Maize (corn),1972,500.0
French Guiana,Maize (corn),1973,500.0
French Guiana,Maize (corn),1974,500.0
French Guiana,Maize (corn),1975,500.0
French Guiana,Maize (corn),1976,500.0
French Guiana,Maize (corn),1977,1200.0
French Guiana,Maize (corn),1978,1200.0
French Guiana,Maize (corn),1979,1200.0
French Guiana,Maize (corn),1991,187.0
French Guiana,Maize (corn),1992,89.0
French Guiana,Maize (corn),1993,49.0
French Guiana,Maize (corn),1994,35.0
French Guiana,Maize (corn),1995,29.0
French Guiana,Maize (corn),1996,29.0
French Guiana,Maize (corn),1997,29.0
French Guiana,Maize (corn),1998,29.0
French Guiana,Maize (corn),1999,29.0
French Guiana,Maize (corn),2000,66.0
French Guiana,Maize (corn),2001,72.0
French Guiana,Maize (corn),2002,30.0
French Guiana,Maize (corn),2003,92.0
French Guiana,Maize (corn),2004,109.0
French Guiana,Maize (corn),2005,134.0
French Guiana,Maize (corn),2006,90.0
French Guiana,Sugar cane,1961,11700.0
French Guiana,Sugar cane,1962,10000.0
French Guiana,Sugar cane,1963,12200.0
French Guiana,Sugar cane,1964,6600.0
French Guiana,Sugar cane,1965,6400.0
French Guiana,Sugar cane,1966,4745.0
French Guiana,Sugar cane,1967,4600.0
French Guiana,Sugar cane,1968,7100.0
French Guiana,Sugar cane,1969,4325.0
French Guiana,Sugar cane,1970,4190.0
French Guiana,Sugar cane,1971,5000.0
French Guiana,Sugar cane,1972,5000.0
French Guiana,Sugar cane,1973,5500.0
French Guiana,Sugar cane,1974,7000.0
French Guiana,Sugar cane,1975,7500.0
French Guiana,Sugar cane,1976,7000.0
French Guiana,Sugar cane,1977,7500.0
French Guiana,Sugar cane,1978,7500.0
French Guiana,Sugar cane,1979,7500.0
French Guiana,Sugar cane,1980,11250.0
French Guiana,Sugar cane,1981,11250.0
French Guiana,Sugar cane,1982,11250.0
French Guiana,Sugar cane,1983,11250.0
French Guiana,Sugar cane,1984,7550.0
French Guiana,Sugar cane,1985,7550.0
French Guiana,Sugar cane,1986,2500.0
French Guiana,Sugar cane,1987,2500.0
French Guiana,Sugar cane,1988,2500.0
French Guiana,Sugar cane,1989,2500.0
French Guiana,Sugar cane,1990,5000.0
French Guiana,Sugar cane,1991,4000.0
French Guiana,Sugar cane,1992,4000.0
French Guiana,Sugar cane,1993,1250.0
French Guiana,Sugar cane,1994,3050.0
French Guiana,Sugar cane,1995,1888.0
French Guiana,Sugar cane,1996,4912.0
French Guiana,Sugar cane,1997,4612.0
French Guiana,Sugar cane,1998,6243.0
French Guiana,Sugar cane,1999,5348.0
French Guiana,Sugar cane,2000,6200.0
French Guiana,Sugar cane,2001,5300.0
French Guiana,Sugar cane,2002,5350.0
French Guiana,Sugar cane,2003,6100.0
French Guiana,Sugar cane,2004,5350.0
French Guiana,Sugar cane,2005,5350.0
French Guiana,Sugar cane,2006,6967.0
Grenada,Maize (corn),1961,550.0
Grenada,Maize (corn),1962,550.0
Grenada,Maize (corn),1963,550.0
Grenada,Maize (corn),1964,550.0
Grenada,Maize (corn),1965,550.0
Grenada,Maize (corn),1966,540.0
Grenada,Maize (corn),1967,540.0
Grenada,Maize (corn),1968,540.0
Grenada,Maize (corn),1969,530.0
Grenada,Maize (corn),1970,530.0
Grenada,Maize (corn),1971,500.0
Grenada,Maize (corn),1972,450.0
Grenada,Maize (corn),1973,385.0
Grenada,Maize (corn),1974,426.0
Grenada,Maize (corn),1975,439.0
Grenada,Maize (corn),1976,492.0
Grenada,Maize (corn),1977,571.0
Grenada,Maize (corn),1978,663.0
Grenada,Maize (corn),1979,550.0
Grenada,Maize (corn),1980,447.0
Grenada,Maize (corn),1981,470.0
Grenada,Maize (corn),1982,423.0
Grenada,Maize (corn),1983,393.0
Grenada,Maize (corn),1984,393.0
Grenada,Maize (corn),1985,390.0
Grenada,Maize (corn),1986,245.0
Grenada,Maize (corn),1987,250.0
Grenada,Maize (corn),1988,252.0
Grenada,Maize (corn),1989,256.0
Grenada,Maize (corn),1990,258.0
Grenada,Maize (corn),1991,295.0
Grenada,Maize (corn),1992,337.0
Grenada,Maize (corn),1993,386.0
Grenada,Maize (corn),1994,347.0
Grenada,Maize (corn),1995,354.0
Grenada,Maize (corn),1996,330.0
Grenada,Maize (corn),1997,300.0
Grenada,Maize (corn),1998,289.13
Grenada,Maize (corn),1999,275.95
Grenada,Maize (corn),2000,305.16
Grenada,Maize (corn),2001,307.08
Grenada,Maize (corn),2002,317.12
Grenada,Maize (corn),2003,318.33
Grenada,Maize (corn),2004,315.18
Grenada,Maize (corn),2005,315.0
Grenada,Maize (corn),2006,300.0
Grenada,Maize (corn),2007,320.0
Grenada,Maize (corn),2008,329.4
Grenada,Maize (corn),2009,335.76
Grenada,Maize (corn),2010,342.5
Grenada,Maize (corn),2011,350.51
Grenada,Maize (corn),2012,360.0
Grenada,Maize (corn),2013,400.0
Grenada,Maize (corn),2014,410.56
Grenada,Maize (corn),2015,354.12
Grenada,Maize (corn),2016,388.23
Grenada,Maize (corn),2017,385.82
Grenada,Maize (corn),2018,385.87
Grenada,Maize (corn),2019,384.35
Grenada,Maize (corn),2020,384.24
Grenada,Maize (corn),2021,386.82
Grenada,Maize (corn),2022,388.4
Grenada,Maize (corn),2023,389.98
Grenada,Maize (corn),2024,177.21
Grenada,Sugar cane,1961,10400.0
Grenada,Sugar cane,1962,11400.0
Grenada,Sugar cane,1963,11200.0
Grenada,Sugar cane,1964,11400.0
Grenada,Sugar cane,1965,16500.0
Grenada,Sugar cane,1966,17316.0
Grenada,Sugar cane,1967,19293.0
Grenada,Sugar cane,1968,19074.0
Grenada,Sugar cane,1969,16600.0
Grenada,Sugar cane,1970,13530.0
Grenada,Sugar cane,1971,10535.0
Grenada,Sugar cane,1972,9472.0
Grenada,Sugar cane,1973,4872.0
Grenada,Sugar cane,1974,3860.0
Grenada,Sugar cane,1975,8590.0
Grenada,Sugar cane,1976,10350.0
Grenada,Sugar cane,1977,14067.0
Grenada,Sugar cane,1978,15978.0
Grenada,Sugar cane,1979,14650.0
Grenada,Sugar cane,1980,9520.0
Grenada,Sugar cane,1981,9300.0
Grenada,Sugar cane,1982,8611.0
Grenada,Sugar cane,1983,7459.0
Grenada,Sugar cane,1984,6710.0
Grenada,Sugar cane,1985,6500.0
Grenada,Sugar cane,1986,6500.0
Grenada,Sugar cane,1987,6500.0
Grenada,Sugar cane,1988,6500.0
Grenada,Sugar cane,1989,6500.0
Grenada,Sugar cane,1990,6500.0
Grenada,Sugar cane,1991,6500.0
Grenada,Sugar cane,1992,6500.0
Grenada,Sugar cane,1993,6500.0
Grenada,Sugar cane,1994,6500.0
Grenada,Sugar cane,1995,6500.0
Grenada,Sugar cane,1996,6500.0
Grenada,Sugar cane,1997,6600.0
Grenada,Sugar cane,1998,6600.0
Grenada,Sugar cane,1999,6600.0
Grenada,Sugar cane,2000,6700.0
Grenada,Sugar cane,2001,6750.0
Grenada,Sugar cane,2002,6750.0
Grenada,Sugar cane,2003,6800.0
Grenada,Sugar cane,2004,6800.0
Grenada,Sugar cane,2005,6800.0
Grenada,Sugar cane,2006,7200.0
Grenada,Sugar cane,2007,7200.0
Grenada,Sugar cane,2008,7200.0
Grenada,Sugar cane,2009,7200.0
Grenada,Sugar cane,2010,7200.0
Grenada,Sugar cane,2011,7200.0
Grenada,Sugar cane,2012,7200.0
Grenada,Sugar cane,2013,7200.0
Grenada,Sugar cane,2014,7253.99
Grenada,Sugar cane,2015,7315.06
Grenada,Sugar cane,2016,7339.48
Grenada,Sugar cane,2017,6498.67
Grenada,Sugar cane,2018,5827.83
Grenada,Sugar cane,2019,4858.0
Grenada,Sugar cane,2020,3282.0
Grenada,Sugar cane,2021,5618.0
Grenada,Sugar cane,2022,6276.0
Grenada,Sugar cane,2023,8664.0
Grenada,Sugar cane,2024,5236.0
Guadeloupe,Maize (corn),1961,1354.0
Guadeloupe,Maize (corn),1962,1400.0
Guadeloupe,Maize (corn),1963,1440.0
Guadeloupe,Maize (corn),1964,1000.0
Guadeloupe,Maize (corn),1965,500.0
Guadeloupe,Maize (corn),1966,486.0
Guadeloupe,Maize (corn),1967,896.0
Guadeloupe,Maize (corn),1968,500.0
Guadeloupe,Maize (corn),1969,600.0
Guadeloupe,Maize (corn),1970,800.0
Guadeloupe,Maize (corn),1971,1000.0
Guadeloupe,Maize (corn),1972,1050.0
Guadeloupe,Maize (corn),1973,1050.0
Guadeloupe,Maize (corn),1974,950.0
Guadeloupe,Maize (corn),1975,150.0
Guadeloupe,Maize (corn),1976,120.0
Guadeloupe,Maize (corn),1977,100.0
Guadeloupe,Sugar cane,1961,1914000.0
Guadeloupe,Sugar cane,1962,1895000.0
Guadeloupe,Sugar cane,1963,1746000.0
Guadeloupe,Sugar cane,1964,1841300.0
Guadeloupe,Sugar cane,1965,1880000.0
Guadeloupe,Sugar cane,1966,1884000.0
Guadeloupe,Sugar cane,1967,1652000.0
Guadeloupe,Sugar cane,1968,1440000.0
Guadeloupe,Sugar cane,1969,1790206.0
Guadeloupe,Sugar cane,1970,1832064.0
Guadeloupe,Sugar cane,1971,1733319.0
Guadeloupe,Sugar cane,1972,1020363.0
Guadeloupe,Sugar cane,1973,1301150.0
Guadeloupe,Sugar cane,1974,1117900.0
Guadeloupe,Sugar cane,1975,965953.0
Guadeloupe,Sugar cane,1976,1073150.0
Guadeloupe,Sugar cane,1977,1001101.0
Guadeloupe,Sugar cane,1978,1047338.0
Guadeloupe,Sugar cane,1979,1162987.0
Guadeloupe,Sugar cane,1980,1004547.0
Guadeloupe,Sugar cane,1981,834045.0
Guadeloupe,Sugar cane,1982,868357.0
Guadeloupe,Sugar cane,1983,643600.0
Guadeloupe,Sugar cane,1984,499860.0
Guadeloupe,Sugar cane,1985,622574.0
Guadeloupe,Sugar cane,1986,744149.0
Guadeloupe,Sugar cane,1987,746225.0
Guadeloupe,Sugar cane,1988,902224.0
Guadeloupe,Sugar cane,1989,863408.0
Guadeloupe,Sugar cane,1990,373530.0
Guadeloupe,Sugar cane,1991,654000.0
Guadeloupe,Sugar cane,1992,516012.0
Guadeloupe,Sugar cane,1993,785560.0
Guadeloupe,Sugar cane,1994,627309.0
Guadeloupe,Sugar cane,1995,447047.0
Guadeloupe,Sugar cane,1996,602678.0
Guadeloupe,Sugar cane,1997,659080.0
Guadeloupe,Sugar cane,1998,498804.0
Guadeloupe,Sugar cane,1999,798072.0
Guadeloupe,Sugar cane,2000,749932.0
Guadeloupe,Sugar cane,2001,587193.0
Guadeloupe,Sugar cane,2002,749113.0
Guadeloupe,Sugar cane,2003,636418.0
Guadeloupe,Sugar cane,2004,903903.0
Guadeloupe,Sugar cane,2005,902223.0
Guadeloupe,Sugar cane,2006,787286.0
Guatemala,Maize (corn),1961,518100.0
Guatemala,Maize (corn),1962,559000.0
Guatemala,Maize (corn),1963,589000.0
Guatemala,Maize (corn),1964,643000.0
Guatemala,Maize (corn),1965,645661.0
Guatemala,Maize (corn),1966,595465.0
Guatemala,Maize (corn),1967,607426.0
Guatemala,Maize (corn),1968,688890.0
Guatemala,Maize (corn),1969,718819.0
Guatemala,Maize (corn),1970,785846.0
Guatemala,Maize (corn),1971,747364.0
Guatemala,Maize (corn),1972,801943.0
Guatemala,Maize (corn),1973,812680.0
Guatemala,Maize (corn),1974,799489.0
Guatemala,Maize (corn),1975,933542.0
Guatemala,Maize (corn),1976,845900.0
Guatemala,Maize (corn),1977,841900.0
Guatemala,Maize (corn),1978,906412.0
Guatemala,Maize (corn),1979,940590.0
Guatemala,Maize (corn),1980,902419.0
Guatemala,Maize (corn),1981,997464.0
Guatemala,Maize (corn),1982,1099837.0
Guatemala,Maize (corn),1983,1045800.0
Guatemala,Maize (corn),1984,922000.0
Guatemala,Maize (corn),1985,1088400.0
Guatemala,Maize (corn),1986,1196000.0
Guatemala,Maize (corn),1987,1172080.0
Guatemala,Maize (corn),1988,1199864.0
Guatemala,Maize (corn),1989,1246780.0
Guatemala,Maize (corn),1990,1272240.0
Guatemala,Maize (corn),1991,1233250.0
Guatemala,Maize (corn),1992,1366380.0
Guatemala,Maize (corn),1993,1294780.0
Guatemala,Maize (corn),1994,1187692.0
Guatemala,Maize (corn),1995,1061583.0
Guatemala,Maize (corn),1996,1046795.0
Guatemala,Maize (corn),1997,860936.0
Guatemala,Maize (corn),1998,1068779.0
Guatemala,Maize (corn),1999,1024860.0
Guatemala,Maize (corn),2000,1053550.0
Guatemala,Maize (corn),2001,1224268.49
Guatemala,Maize (corn),2002,1241722.72
Guatemala,Maize (corn),2003,1260451.55
Guatemala,Maize (corn),2004,1280668.16
Guatemala,Maize (corn),2005,1375986.06
Guatemala,Maize (corn),2006,1489606.41
Guatemala,Maize (corn),2007,1598432.3
Guatemala,Maize (corn),2008,1721609.84
Guatemala,Maize (corn),2009,1625811.13
Guatemala,Maize (corn),2010,1638248.63
Guatemala,Maize (corn),2011,1675235.0
Guatemala,Maize (corn),2012,1723465.0
Guatemala,Maize (corn),2013,1795160.0
Guatemala,Maize (corn),2014,1815281.2
Guatemala,Maize (corn),2015,1853900.06
Guatemala,Maize (corn),2016,1899318.26
Guatemala,Maize (corn),2017,1951551.0
Guatemala,Maize (corn),2018,1977433.0
Guatemala,Maize (corn),2019,1854172.0
Guatemala,Maize (corn),2020,1972290.0
Guatemala,Maize (corn),2021,2061261.0
Guatemala,Maize (corn),2022,2072142.0
Guatemala,Maize (corn),2023,2080000.0
Guatemala,Maize (corn),2024,2261090.0
Guatemala,Sorghum,1961,16000.0
Guatemala,Sorghum,1962,16000.0
Guatemala,Sorghum,1963,24000.0
Guatemala,Sorghum,1964,27200.0
Guatemala,Sorghum,1965,43600.0
Guatemala,Sorghum,1966,34200.0
Guatemala,Sorghum,1967,31900.0
Guatemala,Sorghum,1968,41800.0
Guatemala,Sorghum,1969,54079.0
Guatemala,Sorghum,1970,45676.0
Guatemala,Sorghum,1971,37853.0
Guatemala,Sorghum,1972,38956.0
Guatemala,Sorghum,1973,45397.0
Guatemala,Sorghum,1974,61693.0
Guatemala,Sorghum,1975,61500.0
Guatemala,Sorghum,1976,49200.0
Guatemala,Sorghum,1977,52978.0
Guatemala,Sorghum,1978,64740.0
Guatemala,Sorghum,1979,76000.0
Guatemala,Sorghum,1980,78300.0
Guatemala,Sorghum,1981,86176.0
Guatemala,Sorghum,1982,77110.0
Guatemala,Sorghum,1983,81630.0
Guatemala,Sorghum,1984,91700.0
Guatemala,Sorghum,1985,101213.0
Guatemala,Sorghum,1986,101200.0
Guatemala,Sorghum,1987,101200.0
Guatemala,Sorghum,1988,100247.0
Guatemala,Sorghum,1989,84916.0
Guatemala,Sorghum,1990,85927.0
Guatemala,Sorghum,1991,77786.0
Guatemala,Sorghum,1992,83386.0
Guatemala,Sorghum,1993,78891.0
Guatemala,Sorghum,1994,42794.0
Guatemala,Sorghum,1995,44620.0
Guatemala,Sorghum,1996,46851.0
Guatemala,Sorghum,1997,46850.0
Guatemala,Sorghum,1998,49495.0
Guatemala,Sorghum,1999,51102.0
Guatemala,Sorghum,2000,50978.0
Guatemala,Sorghum,2001,35434.64
Guatemala,Sorghum,2002,36409.86
Guatemala,Sorghum,2003,37362.4
Guatemala,Sorghum,2004,43250.03
Guatemala,Sorghum,2005,42184.09
Guatemala,Sorghum,2006,44084.64
Guatemala,Sorghum,2007,47082.89
Guatemala,Sorghum,2008,44937.4
Guatemala,Sorghum,2009,47395.87
Guatemala,Sorghum,2010,47055.67
Guatemala,Sorghum,2011,47405.0
Guatemala,Sorghum,2012,47981.0
Guatemala,Sorghum,2013,47128.0
Guatemala,Sorghum,2014,50321.54
Guatemala,Sorghum,2015,51528.09
Guatemala,Sorghum,2016,52657.54
Guatemala,Sorghum,2017,53666.0
Guatemala,Sorghum,2018,54742.0
Guatemala,Sorghum,2019,45000.0
Guatemala,Sorghum,2020,53960.0
Guatemala,Sorghum,2021,45146.0
Guatemala,Sorghum,2022,57469.0
Guatemala,Sorghum,2023,35000.0
Guatemala,Sorghum,2024,37619.73
Guatemala,Sugar cane,1961,1533000.0
Guatemala,Sugar cane,1962,1973400.0
Guatemala,Sugar cane,1963,2020300.0
Guatemala,Sugar cane,1964,2156800.0
Guatemala,Sugar cane,1965,2115900.0
Guatemala,Sugar cane,1966,2532300.0
Guatemala,Sugar cane,1967,2683400.0
Guatemala,Sugar cane,1968,2290600.0
Guatemala,Sugar cane,1969,2658600.0
Guatemala,Sugar cane,1970,2632500.0
Guatemala,Sugar cane,1971,2785453.0
Guatemala,Sugar cane,1972,3272661.0
Guatemala,Sugar cane,1973,4008627.0
Guatemala,Sugar cane,1974,4422759.0
Guatemala,Sugar cane,1975,5093000.0
Guatemala,Sugar cane,1976,6845000.0
Guatemala,Sugar cane,1977,6600000.0
Guatemala,Sugar cane,1978,5360000.0
Guatemala,Sugar cane,1979,4830000.0
Guatemala,Sugar cane,1980,5700000.0
Guatemala,Sugar cane,1981,6300000.0
Guatemala,Sugar cane,1982,7420000.0
Guatemala,Sugar cane,1983,6500000.0
Guatemala,Sugar cane,1984,6560000.0
Guatemala,Sugar cane,1985,6580000.0
Guatemala,Sugar cane,1986,7000000.0
Guatemala,Sugar cane,1987,6870584.0
Guatemala,Sugar cane,1988,7567229.0
Guatemala,Sugar cane,1989,7615300.0
Guatemala,Sugar cane,1990,9603100.0
Guatemala,Sugar cane,1991,10798800.0
Guatemala,Sugar cane,1992,11307600.0
Guatemala,Sugar cane,1993,11741100.0
Guatemala,Sugar cane,1994,11862420.0
Guatemala,Sugar cane,1995,15443780.0
Guatemala,Sugar cane,1996,15582930.0
Guatemala,Sugar cane,1997,17687010.0
Guatemala,Sugar cane,1998,18189380.0
Guatemala,Sugar cane,1999,17012800.0
Guatemala,Sugar cane,2000,16552400.0
Guatemala,Sugar cane,2001,16934900.0
Guatemala,Sugar cane,2002,17489900.0
Guatemala,Sugar cane,2003,17400000.0
Guatemala,Sugar cane,2004,20000000.0
Guatemala,Sugar cane,2005,18007620.0
Guatemala,Sugar cane,2006,17631588.0
Guatemala,Sugar cane,2007,20312464.0
Guatemala,Sugar cane,2008,20311940.0
Guatemala,Sugar cane,2009,21525684.0
Guatemala,Sugar cane,2010,22313828.0
Guatemala,Sugar cane,2011,20586052.0
Guatemala,Sugar cane,2012,24289900.0
Guatemala,Sugar cane,2013,26913622.0
Guatemala,Sugar cane,2014,33239195.97
Guatemala,Sugar cane,2015,33869276.94
Guatemala,Sugar cane,2016,33533402.78
Guatemala,Sugar cane,2017,25951271.0
Guatemala,Sugar cane,2018,27665415.0
Guatemala,Sugar cane,2019,29865166.0
Guatemala,Sugar cane,2020,27669110.0
Guatemala,Sugar cane,2021,25525851.0
Guatemala,Sugar cane,2022,25845178.0
Guatemala,Sugar cane,2023,23971750.0
Guatemala,Sugar cane,2024,22907869.92
Guatemala,Wheat,1961,24656.0
Guatemala,Wheat,1962,32079.0
Guatemala,Wheat,1963,35609.0
Guatemala,Wheat,1964,36100.0
Guatemala,Wheat,1965,27164.0
Guatemala,Wheat,1966,29642.0
Guatemala,Wheat,1967,31555.0
Guatemala,Wheat,1968,33140.0
Guatemala,Wheat,1969,31208.0
Guatemala,Wheat,1970,36025.0
Guatemala,Wheat,1971,38031.0
Guatemala,Wheat,1972,46715.0
Guatemala,Wheat,1973,47104.0
Guatemala,Wheat,1974,51106.0
Guatemala,Wheat,1975,45382.0
Guatemala,Wheat,1976,47864.0
Guatemala,Wheat,1977,55752.0
Guatemala,Wheat,1978,59616.0
Guatemala,Wheat,1979,56764.0
Guatemala,Wheat,1980,58128.0
Guatemala,Wheat,1981,55300.0
Guatemala,Wheat,1982,48600.0
Guatemala,Wheat,1983,69600.0
Guatemala,Wheat,1984,90700.0
Guatemala,Wheat,1985,53800.0
Guatemala,Wheat,1986,52744.0
Guatemala,Wheat,1987,45418.0
Guatemala,Wheat,1988,49895.0
Guatemala,Wheat,1989,44225.0
Guatemala,Wheat,1990,32033.0
Guatemala,Wheat,1991,22680.0
Guatemala,Wheat,1992,22680.0
Guatemala,Wheat,1993,24267.0
Guatemala,Wheat,1994,26004.0
Guatemala,Wheat,1995,26003.0
Guatemala,Wheat,1996,23690.0
Guatemala,Wheat,1997,23000.0
Guatemala,Wheat,1998,14633.0
Guatemala,Wheat,1999,8246.0
Guatemala,Wheat,2000,9525.0
Guatemala,Wheat,2001,6214.22
Guatemala,Wheat,2002,2676.19
Guatemala,Wheat,2003,2830.42
Guatemala,Wheat,2004,4232.02
Guatemala,Wheat,2005,2975.57
Guatemala,Wheat,2006,1587.57
Guatemala,Wheat,2007,1864.26
Guatemala,Wheat,2008,1846.12
Guatemala,Wheat,2009,1546.75
Guatemala,Wheat,2010,1437.89
Guatemala,Wheat,2011,1433.35
Guatemala,Wheat,2012,1515.0
Guatemala,Wheat,2013,1556.0
Guatemala,Wheat,2014,1673.76
Guatemala,Wheat,2015,594.21
Guatemala,Wheat,2016,743.89
Guatemala,Wheat,2017,638.0
Guatemala,Wheat,2018,464.0
Guatemala,Wheat,2019,164.0
Guatemala,Wheat,2020,239.31
Guatemala,Wheat,2021,397.19
Guatemala,Wheat,2022,641.0
Guatemala,Wheat,2023,885.59
Guatemala,Wheat,2024,761.88
Guyana,Maize (corn),1961,1300.0
Guyana,Maize (corn),1962,857.0
Guyana,Maize (corn),1963,879.0
Guyana,Maize (corn),1964,1234.0
Guyana,Maize (corn),1965,1388.0
Guyana,Maize (corn),1966,1083.0
Guyana,Maize (corn),1967,1255.0
Guyana,Maize (corn),1968,1356.0
Guyana,Maize (corn),1969,1768.0
Guyana,Maize (corn),1970,1860.0
Guyana,Maize (corn),1971,2409.0
Guyana,Maize (corn),1972,2812.0
Guyana,Maize (corn),1973,3331.0
Guyana,Maize (corn),1974,2722.0
Guyana,Maize (corn),1975,5806.0
Guyana,Maize (corn),1976,2495.0
Guyana,Maize (corn),1977,3266.0
Guyana,Maize (corn),1978,2268.0
Guyana,Maize (corn),1979,1669.0
Guyana,Maize (corn),1980,1678.0
Guyana,Maize (corn),1981,680.0
Guyana,Maize (corn),1982,680.0
Guyana,Maize (corn),1983,816.0
Guyana,Maize (corn),1984,700.0
Guyana,Maize (corn),1985,1100.0
Guyana,Maize (corn),1986,1448.0
Guyana,Maize (corn),1987,2946.0
Guyana,Maize (corn),1988,2900.0
Guyana,Maize (corn),1989,3000.0
Guyana,Maize (corn),1990,3000.0
Guyana,Maize (corn),1991,3100.0
Guyana,Maize (corn),1992,3200.0
Guyana,Maize (corn),1993,3500.0
Guyana,Maize (corn),1994,3300.0
Guyana,Maize (corn),1995,3800.0
Guyana,Maize (corn),1996,3100.0
Guyana,Maize (corn),1997,7900.0
Guyana,Maize (corn),1998,3100.0
Guyana,Maize (corn),1999,3200.0
Guyana,Maize (corn),2000,3829.0
Guyana,Maize (corn),2001,2023.0
Guyana,Maize (corn),2002,2000.0
Guyana,Maize (corn),2003,4000.0
Guyana,Maize (corn),2004,5500.0
Guyana,Maize (corn),2005,4000.0
Guyana,Maize (corn),2006,3000.0
Guyana,Maize (corn),2007,7900.0
Guyana,Maize (corn),2008,4000.0
Guyana,Maize (corn),2009,5000.0
Guyana,Maize (corn),2010,4338.98
Guyana,Maize (corn),2011,4319.71
Guyana,Maize (corn),2012,4000.0
Guyana,Maize (corn),2013,4000.0
Guyana,Maize (corn),2014,4000.0
Guyana,Maize (corn),2015,4000.0
Guyana,Maize (corn),2016,4000.0
Guyana,Maize (corn),2017,4000.0
Guyana,Maize (corn),2018,4000.0
Guyana,Maize (corn),2019,4000.0
Guyana,Maize (corn),2020,4000.0
Guyana,Maize (corn),2021,4000.0
Guyana,Maize (corn),2022,4000.0
Guyana,Maize (corn),2023,4000.0
Guyana,Maize (corn),2024,4000.0
Guyana,Sugar cane,1961,3618829.0
Guyana,Sugar cane,1962,3670000.0
Guyana,Sugar cane,1963,3468923.0
Guyana,Sugar cane,1964,3038191.0
Guyana,Sugar cane,1965,3459687.0
Guyana,Sugar cane,1966,3388798.0
Guyana,Sugar cane,1967,3830614.0
Guyana,Sugar cane,1968,3557703.0
Guyana,Sugar cane,1969,4178422.0
Guyana,Sugar cane,1970,3754447.0
Guyana,Sugar cane,1971,4310606.0
Guyana,Sugar cane,1972,3622903.0
Guyana,Sugar cane,1973,3303727.0
Guyana,Sugar cane,1974,4094519.0
Guyana,Sugar cane,1975,3631668.0
Guyana,Sugar cane,1976,4039353.0
Guyana,Sugar cane,1977,3290885.0
Guyana,Sugar cane,1978,4285700.0
Guyana,Sugar cane,1979,3934150.0
Guyana,Sugar cane,1980,3830510.0
Guyana,Sugar cane,1981,4192220.0
Guyana,Sugar cane,1982,3906700.0
Guyana,Sugar cane,1983,3481130.0
Guyana,Sugar cane,1984,3213380.0
Guyana,Sugar cane,1985,3270290.0
Guyana,Sugar cane,1986,3364825.0
Guyana,Sugar cane,1987,3150000.0
Guyana,Sugar cane,1988,2970000.0
Guyana,Sugar cane,1989,2541000.0
Guyana,Sugar cane,1990,2700000.0
Guyana,Sugar cane,1991,2935000.0
Guyana,Sugar cane,1992,3081000.0
Guyana,Sugar cane,1993,3056000.0
Guyana,Sugar cane,1994,3148895.0
Guyana,Sugar cane,1995,3209253.0
Guyana,Sugar cane,1996,3221892.0
Guyana,Sugar cane,1997,3073524.0
Guyana,Sugar cane,1998,2966000.0
Guyana,Sugar cane,1999,3244600.0
Guyana,Sugar cane,2000,2709700.0
Guyana,Sugar cane,2001,3141000.0
Guyana,Sugar cane,2002,3708000.0
Guyana,Sugar cane,2003,3382500.0
Guyana,Sugar cane,2004,3744200.0
Guyana,Sugar cane,2005,3005800.0
Guyana,Sugar cane,2006,2975000.0
Guyana,Sugar cane,2007,3099200.0
Guyana,Sugar cane,2008,2766500.0
Guyana,Sugar cane,2009,2766000.0
Guyana,Sugar cane,2010,2762262.0
Guyana,Sugar cane,2011,3195690.0
Guyana,Sugar cane,2012,2710243.0
Guyana,Sugar cane,2013,2461079.0
Guyana,Sugar cane,2014,2836896.0
Guyana,Sugar cane,2015,2815616.44
Guyana,Sugar cane,2016,2366995.17
Guyana,Sugar cane,2017,1859037.27
Guyana,Sugar cane,2018,1214495.3
Guyana,Sugar cane,2019,1119149.0
Guyana,Sugar cane,2020,1217154.0
Guyana,Sugar cane,2021,830526.0
Guyana,Sugar cane,2022,700149.0
Guyana,Sugar cane,2023,678479.93
Guyana,Sugar cane,2024,320977.89
Haiti,Maize (corn),1961,228000.0
Haiti,Maize (corn),1962,229000.0
Haiti,Maize (corn),1963,230000.0
Haiti,Maize (corn),1964,232000.0
Haiti,Maize (corn),1965,234000.0
Haiti,Maize (corn),1966,233700.0
Haiti,Maize (corn),1967,246000.0
Haiti,Maize (corn),1968,220000.0
Haiti,Maize (corn),1969,242000.0
Haiti,Maize (corn),1970,240000.0
Haiti,Maize (corn),1971,252000.0
Haiti,Maize (corn),1972,257000.0
Haiti,Maize (corn),1973,204000.0
Haiti,Maize (corn),1974,204000.0
Haiti,Maize (corn),1975,180000.0
Haiti,Maize (corn),1976,180000.0
Haiti,Maize (corn),1977,168260.0
Haiti,Maize (corn),1978,161442.0
Haiti,Maize (corn),1979,183331.0
Haiti,Maize (corn),1980,179170.0
Haiti,Maize (corn),1981,175700.0
Haiti,Maize (corn),1982,170900.0
Haiti,Maize (corn),1983,186000.0
Haiti,Maize (corn),1984,186450.0
Haiti,Maize (corn),1985,196295.0
Haiti,Maize (corn),1986,205691.0
Haiti,Maize (corn),1987,205000.0
Haiti,Maize (corn),1988,202329.0
Haiti,Maize (corn),1989,196000.0
Haiti,Maize (corn),1990,163000.0
Haiti,Maize (corn),1991,190000.0
Haiti,Maize (corn),1992,226318.0
Haiti,Maize (corn),1993,210000.0
Haiti,Maize (corn),1994,230000.0
Haiti,Maize (corn),1995,220000.0
Haiti,Maize (corn),1996,204058.0
Haiti,Maize (corn),1997,230000.0
Haiti,Maize (corn),1998,206096.0
Haiti,Maize (corn),1999,250000.0
Haiti,Maize (corn),2000,202500.0
Haiti,Maize (corn),2001,180000.0
Haiti,Maize (corn),2002,179400.0
Haiti,Maize (corn),2003,182000.0
Haiti,Maize (corn),2004,198000.0
Haiti,Maize (corn),2005,200500.0
Haiti,Maize (corn),2006,205000.0
Haiti,Maize (corn),2007,270000.0
Haiti,Maize (corn),2008,210000.0
Haiti,Maize (corn),2009,303700.0
Haiti,Maize (corn),2010,340000.0
Haiti,Maize (corn),2011,360000.0
Haiti,Maize (corn),2012,201791.61
Haiti,Maize (corn),2013,335885.4
Haiti,Maize (corn),2014,320747.0
Haiti,Maize (corn),2015,264590.12
Haiti,Maize (corn),2016,251928.0
Haiti,Maize (corn),2017,225000.0
Haiti,Maize (corn),2018,234033.0
Haiti,Maize (corn),2019,194597.0
Haiti,Maize (corn),2020,131132.0
Haiti,Maize (corn),2021,200000.0
Haiti,Maize (corn),2022,185000.0
Haiti,Maize (corn),2023,180000.0
Haiti,Maize (corn),2024,175000.0
Haiti,Sorghum,1961,183000.0
Haiti,Sorghum,1962,183500.0
Haiti,Sorghum,1963,184000.0
Haiti,Sorghum,1964,185000.0
Haiti,Sorghum,1965,187000.0
Haiti,Sorghum,1966,187300.0
Haiti,Sorghum,1967,188000.0
Haiti,Sorghum,1968,189000.0
Haiti,Sorghum,1969,209000.0
Haiti,Sorghum,1970,210000.0
Haiti,Sorghum,1971,211000.0
Haiti,Sorghum,1972,215000.0
Haiti,Sorghum,1973,135000.0
Haiti,Sorghum,1974,135000.0
Haiti,Sorghum,1975,135000.0
Haiti,Sorghum,1976,135000.0
Haiti,Sorghum,1977,110846.0
Haiti,Sorghum,1978,99514.0
Haiti,Sorghum,1979,123282.0
Haiti,Sorghum,1980,120790.0
Haiti,Sorghum,1981,117750.0
Haiti,Sorghum,1982,106600.0
Haiti,Sorghum,1983,118240.0
Haiti,Sorghum,1984,121413.0
Haiti,Sorghum,1985,119165.0
Haiti,Sorghum,1986,135112.0
Haiti,Sorghum,1987,135976.0
Haiti,Sorghum,1988,146345.0
Haiti,Sorghum,1989,133200.0
Haiti,Sorghum,1990,68000.0
Haiti,Sorghum,1991,90000.0
Haiti,Sorghum,1992,100000.0
Haiti,Sorghum,1993,102377.1
Haiti,Sorghum,1994,90000.0
Haiti,Sorghum,1995,92795.71
Haiti,Sorghum,1996,88140.0
Haiti,Sorghum,1997,100000.0
Haiti,Sorghum,1998,95180.0
Haiti,Sorghum,1999,100000.0
Haiti,Sorghum,2000,98000.0
Haiti,Sorghum,2001,80000.0
Haiti,Sorghum,2002,89600.0
Haiti,Sorghum,2003,91000.0
Haiti,Sorghum,2004,95000.0
Haiti,Sorghum,2005,100000.0
Haiti,Sorghum,2006,100000.0
Haiti,Sorghum,2007,120000.0
Haiti,Sorghum,2008,100000.0
Haiti,Sorghum,2009,121500.0
Haiti,Sorghum,2010,145800.0
Haiti,Sorghum,2011,111092.22
Haiti,Sorghum,2012,92203.0
Haiti,Sorghum,2013,108132.89
Haiti,Sorghum,2014,122500.0
Haiti,Sorghum,2015,32000.0
Haiti,Sorghum,2016,18590.0
Haiti,Sorghum,2017,80000.0
Haiti,Sorghum,2018,16694.0
Haiti,Sorghum,2019,9184.0
Haiti,Sorghum,2020,9692.0
Haiti,Sorghum,2021,18000.0
Haiti,Sorghum,2022,15000.0
Haiti,Sorghum,2023,14000.0
Haiti,Sorghum,2024,13000.0
Haiti,Sugar cane,1961,2850000.0
Haiti,Sugar cane,1962,2836000.0
Haiti,Sugar cane,1963,2872000.0
Haiti,Sugar cane,1964,2810000.0
Haiti,Sugar cane,1965,2738000.0
Haiti,Sugar cane,1966,2681200.0
Haiti,Sugar cane,1967,2650000.0
Haiti,Sugar cane,1968,2636200.0
Haiti,Sugar cane,1969,2608300.0
Haiti,Sugar cane,1970,2705000.0
Haiti,Sugar cane,1971,2792400.0
Haiti,Sugar cane,1972,2807700.0
Haiti,Sugar cane,1973,2860000.0
Haiti,Sugar cane,1974,2860000.0
Haiti,Sugar cane,1975,2802000.0
Haiti,Sugar cane,1976,2779000.0
Haiti,Sugar cane,1977,2801000.0
Haiti,Sugar cane,1978,2844000.0
Haiti,Sugar cane,1979,2860000.0
Haiti,Sugar cane,1980,3000000.0
Haiti,Sugar cane,1981,3000000.0
Haiti,Sugar cane,1982,3000000.0
Haiti,Sugar cane,1983,2800000.0
Haiti,Sugar cane,1984,2500000.0
Haiti,Sugar cane,1985,2300000.0
Haiti,Sugar cane,1986,2000000.0
Haiti,Sugar cane,1987,1800000.0
Haiti,Sugar cane,1988,1700000.0
Haiti,Sugar cane,1989,1600000.0
Haiti,Sugar cane,1990,1500000.0
Haiti,Sugar cane,1991,1500000.0
Haiti,Sugar cane,1992,1429280.0
Haiti,Sugar cane,1993,1400000.0
Haiti,Sugar cane,1994,1300000.0
Haiti,Sugar cane,1995,1200000.0
Haiti,Sugar cane,1996,1200000.0
Haiti,Sugar cane,1997,1100000.0
Haiti,Sugar cane,1998,1000100.0
Haiti,Sugar cane,1999,1000000.0
Haiti,Sugar cane,2000,800000.0
Haiti,Sugar cane,2001,1008100.0
Haiti,Sugar cane,2002,595000.0
Haiti,Sugar cane,2003,600000.0
Haiti,Sugar cane,2004,1050000.0
Haiti,Sugar cane,2005,1050000.0
Haiti,Sugar cane,2006,1075000.0
Haiti,Sugar cane,2007,1100000.0
Haiti,Sugar cane,2008,1110000.0
Haiti,Sugar cane,2009,1110000.0
Haiti,Sugar cane,2010,1220126.39
Haiti,Sugar cane,2011,1291816.91
Haiti,Sugar cane,2012,1418191.04
Haiti,Sugar cane,2013,1488533.0
Haiti,Sugar cane,2014,1522741.87
Haiti,Sugar cane,2015,1503445.61
Haiti,Sugar cane,2016,1498207.21
Haiti,Sugar cane,2017,1500940.23
Haiti,Sugar cane,2018,1490408.47
Haiti,Sugar cane,2019,1509395.11
Haiti,Sugar cane,2020,1528183.79
Haiti,Sugar cane,2021,1552170.87
Haiti,Sugar cane,2022,1529916.59
Haiti,Sugar cane,2023,1536757.08
Haiti,Sugar cane,2024,1539614.84
Honduras,Maize (corn),1961,258402.0
Honduras,Maize (corn),1962,280399.0
Honduras,Maize (corn),1963,284233.0
Honduras,Maize (corn),1964,332768.0
Honduras,Maize (corn),1965,333768.0
Honduras,Maize (corn),1966,334681.0
Honduras,Maize (corn),1967,335655.0
Honduras,Maize (corn),1968,336631.0
Honduras,Maize (corn),1969,337610.0
Honduras,Maize (corn),1970,338591.0
Honduras,Maize (corn),1971,339576.0
Honduras,Maize (corn),1972,340563.0
Honduras,Maize (corn),1973,342561.0
Honduras,Maize (corn),1974,343557.0
Honduras,Maize (corn),1975,358129.0
Honduras,Maize (corn),1976,388566.0
Honduras,Maize (corn),1977,438518.0
Honduras,Maize (corn),1978,454572.0
Honduras,Maize (corn),1979,353979.0
Honduras,Maize (corn),1980,387424.0
Honduras,Maize (corn),1981,480672.0
Honduras,Maize (corn),1982,365662.0
Honduras,Maize (corn),1983,458149.0
Honduras,Maize (corn),1984,502249.0
Honduras,Maize (corn),1985,423075.0
Honduras,Maize (corn),1986,483064.0
Honduras,Maize (corn),1987,522173.0
Honduras,Maize (corn),1988,440489.0
Honduras,Maize (corn),1989,509656.0
Honduras,Maize (corn),1990,557969.0
Honduras,Maize (corn),1991,566174.0
Honduras,Maize (corn),1992,561206.0
Honduras,Maize (corn),1993,588998.0
Honduras,Maize (corn),1994,583329.0
Honduras,Maize (corn),1995,672061.0
Honduras,Maize (corn),1996,657768.0
Honduras,Maize (corn),1997,609627.0
Honduras,Maize (corn),1998,471327.0
Honduras,Maize (corn),1999,477511.0
Honduras,Maize (corn),2000,533598.0
Honduras,Maize (corn),2001,516079.0
Honduras,Maize (corn),2002,503561.0
Honduras,Maize (corn),2003,514153.0
Honduras,Maize (corn),2004,445110.0
Honduras,Maize (corn),2005,467741.0
Honduras,Maize (corn),2006,501583.0
Honduras,Maize (corn),2007,634881.0
Honduras,Maize (corn),2008,536277.0
Honduras,Maize (corn),2009,587235.0
Honduras,Maize (corn),2010,548223.0
Honduras,Maize (corn),2011,544965.0
Honduras,Maize (corn),2012,524463.0
Honduras,Maize (corn),2013,599382.0
Honduras,Maize (corn),2014,565500.0
Honduras,Maize (corn),2015,633390.0
Honduras,Maize (corn),2016,613333.5
Honduras,Maize (corn),2017,683734.0
Honduras,Maize (corn),2018,705309.43
Honduras,Maize (corn),2019,589020.43
Honduras,Maize (corn),2020,666798.77
Honduras,Maize (corn),2021,673472.07
Honduras,Maize (corn),2022,683605.34
Honduras,Maize (corn),2023,727272.73
Honduras,Maize (corn),2024,730329.94
Honduras,Sorghum,1961,46873.0
Honduras,Sorghum,1962,50190.0
Honduras,Sorghum,1963,51709.0
Honduras,Sorghum,1964,53134.0
Honduras,Sorghum,1965,53398.0
Honduras,Sorghum,1966,47941.0
Honduras,Sorghum,1967,41267.0
Honduras,Sorghum,1968,42860.0
Honduras,Sorghum,1969,44454.0
Honduras,Sorghum,1970,46047.0
Honduras,Sorghum,1971,47640.0
Honduras,Sorghum,1972,49234.0
Honduras,Sorghum,1973,40624.0
Honduras,Sorghum,1974,52420.0
Honduras,Sorghum,1975,52271.0
Honduras,Sorghum,1976,43753.0
Honduras,Sorghum,1977,49352.0
Honduras,Sorghum,1978,47580.0
Honduras,Sorghum,1979,38100.0
Honduras,Sorghum,1980,52109.0
Honduras,Sorghum,1981,57981.0
Honduras,Sorghum,1982,57700.0
Honduras,Sorghum,1983,46517.0
Honduras,Sorghum,1984,52377.0
Honduras,Sorghum,1985,33139.0
Honduras,Sorghum,1986,32522.0
Honduras,Sorghum,1987,31042.0
Honduras,Sorghum,1988,53525.0
Honduras,Sorghum,1989,61697.0
Honduras,Sorghum,1990,80265.0
Honduras,Sorghum,1991,70511.0
Honduras,Sorghum,1992,87780.0
Honduras,Sorghum,1993,70911.0
Honduras,Sorghum,1994,53215.0
Honduras,Sorghum,1995,62097.0
Honduras,Sorghum,1996,85638.0
Honduras,Sorghum,1997,96025.0
Honduras,Sorghum,1998,90219.0
Honduras,Sorghum,1999,71269.0
Honduras,Sorghum,2000,64667.0
Honduras,Sorghum,2001,74718.0
Honduras,Sorghum,2002,65759.0
Honduras,Sorghum,2003,56764.0
Honduras,Sorghum,2004,59386.0
Honduras,Sorghum,2005,65734.0
Honduras,Sorghum,2006,66470.0
Honduras,Sorghum,2007,69782.0
Honduras,Sorghum,2008,73140.0
Honduras,Sorghum,2009,68954.0
Honduras,Sorghum,2010,41309.0
Honduras,Sorghum,2011,40261.0
Honduras,Sorghum,2012,42391.0
Honduras,Sorghum,2013,40000.0
Honduras,Sorghum,2014,36363.68
Honduras,Sorghum,2015,25000.0
Honduras,Sorghum,2016,19090.91
Honduras,Sorghum,2017,21000.0
Honduras,Sorghum,2018,25000.0
Honduras,Sorghum,2019,21000.0
Honduras,Sorghum,2020,20000.0
Honduras,Sorghum,2021,15000.0
Honduras,Sorghum,2022,15000.0
Honduras,Sorghum,2023,15000.0
Honduras,Sorghum,2024,15000.0
Honduras,Sugar cane,1961,804300.0
Honduras,Sugar cane,1962,781500.0
Honduras,Sugar cane,1963,791800.0
Honduras,Sugar cane,1964,796900.0
Honduras,Sugar cane,1965,807900.0
Honduras,Sugar cane,1966,898300.0
Honduras,Sugar cane,1967,986500.0
Honduras,Sugar cane,1968,1099700.0
Honduras,Sugar cane,1969,1240200.0
Honduras,Sugar cane,1970,1363400.0
Honduras,Sugar cane,1971,1407112.0
Honduras,Sugar cane,1972,1484814.0
Honduras,Sugar cane,1973,1440000.0
Honduras,Sugar cane,1974,1415972.0
Honduras,Sugar cane,1975,1505948.0
Honduras,Sugar cane,1976,1541782.0
Honduras,Sugar cane,1977,1844738.0
Honduras,Sugar cane,1978,2164484.0
Honduras,Sugar cane,1979,2555446.0
Honduras,Sugar cane,1980,2905730.0
Honduras,Sugar cane,1981,2920360.0
Honduras,Sugar cane,1982,3095570.0
Honduras,Sugar cane,1983,3150283.0
Honduras,Sugar cane,1984,3054318.0
Honduras,Sugar cane,1985,2988885.0
Honduras,Sugar cane,1986,2988614.0
Honduras,Sugar cane,1987,2658945.0
Honduras,Sugar cane,1988,2509136.0
Honduras,Sugar cane,1989,2724727.0
Honduras,Sugar cane,1990,2897863.0
Honduras,Sugar cane,1991,2730136.0
Honduras,Sugar cane,1992,2838776.0
Honduras,Sugar cane,1993,2918792.0
Honduras,Sugar cane,1994,3077814.0
Honduras,Sugar cane,1995,3059115.0
Honduras,Sugar cane,1996,3580200.0
Honduras,Sugar cane,1997,3637127.0
Honduras,Sugar cane,1998,3778545.0
Honduras,Sugar cane,1999,3755772.0
Honduras,Sugar cane,2000,3974000.0
Honduras,Sugar cane,2001,4117000.0
Honduras,Sugar cane,2002,3660000.0
Honduras,Sugar cane,2003,5362753.0
Honduras,Sugar cane,2004,5465850.0
Honduras,Sugar cane,2005,5625450.0
Honduras,Sugar cane,2006,5570000.0
Honduras,Sugar cane,2007,6080910.0
Honduras,Sugar cane,2008,6141719.0
Honduras,Sugar cane,2009,6895340.0
Honduras,Sugar cane,2010,4444000.0
Honduras,Sugar cane,2011,4360000.0
Honduras,Sugar cane,2012,4963000.0
Honduras,Sugar cane,2013,5150700.0
Honduras,Sugar cane,2014,5391100.0
Honduras,Sugar cane,2015,5170800.0
Honduras,Sugar cane,2016,5356026.0
Honduras,Sugar cane,2017,5379869.0
Honduras,Sugar cane,2018,5526000.34
Honduras,Sugar cane,2019,5409014.07
Honduras,Sugar cane,2020,5030353.74
Honduras,Sugar cane,2021,4815043.45
Honduras,Sugar cane,2022,5507700.0
Honduras,Sugar cane,2023,5376500.0
Honduras,Sugar cane,2024,5753700.0
Honduras,Wheat,1961,802.0
Honduras,Wheat,1962,755.0
Honduras,Wheat,1963,691.0
Honduras,Wheat,1964,560.0
Honduras,Wheat,1965,528.0
Honduras,Wheat,1966,538.0
Honduras,Wheat,1967,549.0
Honduras,Wheat,1968,564.0
Honduras,Wheat,1969,681.0
Honduras,Wheat,1970,681.0
Honduras,Wheat,1971,700.0
Honduras,Wheat,1972,700.0
Honduras,Wheat,1973,700.0
Honduras,Wheat,1974,500.0
Honduras,Wheat,1975,500.0
Honduras,Wheat,1976,500.0
Honduras,Wheat,1977,500.0
Honduras,Wheat,1978,1000.0
Honduras,Wheat,1979,700.0
Honduras,Wheat,1980,700.0
Honduras,Wheat,1981,700.0
Honduras,Wheat,1982,700.0
Honduras,Wheat,1983,650.0
Honduras,Wheat,1984,650.0
Honduras,Wheat,1985,600.0
Honduras,Wheat,1986,600.0
Honduras,Wheat,1987,650.0
Honduras,Wheat,1988,680.0
Honduras,Wheat,1989,700.0
Honduras,Wheat,1990,750.0
Honduras,Wheat,1991,785.66
Honduras,Wheat,1992,800.0
Honduras,Wheat,1993,841.92
Honduras,Wheat,1994,850.0
Honduras,Wheat,1995,900.0
Honduras,Wheat,1996,928.57
Honduras,Wheat,1997,1000.0
Honduras,Wheat,1998,1000.0
Honduras,Wheat,1999,950.0
Honduras,Wheat,2000,1051.43
Honduras,Wheat,2001,1060.37
Honduras,Wheat,2002,1060.72
Honduras,Wheat,2003,1000.0
Honduras,Wheat,2004,1056.28
Honduras,Wheat,2005,1070.39
Honduras,Wheat,2006,1085.46
Honduras,Wheat,2007,1099.49
Honduras,Wheat,2008,1113.3
Honduras,Wheat,2009,1127.0
Honduras,Wheat,2010,1139.61
Honduras,Wheat,2011,1170.08
Honduras,Wheat,2012,1173.61
Honduras,Wheat,2013,1186.05
Honduras,Wheat,2014,1193.6
Honduras,Wheat,2015,1213.15
Honduras,Wheat,2016,1224.43
Honduras,Wheat,2017,1234.19
Honduras,Wheat,2018,1243.99
Honduras,Wheat,2019,1256.19
Honduras,Wheat,2020,1269.11
Honduras,Wheat,2021,1292.28
Honduras,Wheat,2022,1272.53
Honduras,Wheat,2023,1277.97
Honduras,Wheat,2024,1280.93
Jamaica,Maize (corn),1961,3556.0
Jamaica,Maize (corn),1962,3861.0
Jamaica,Maize (corn),1963,3942.0
Jamaica,Maize (corn),1964,4572.0
Jamaica,Maize (corn),1965,3556.0
Jamaica,Maize (corn),1966,4989.0
Jamaica,Maize (corn),1967,3647.0
Jamaica,Maize (corn),1968,3112.0
Jamaica,Maize (corn),1969,3876.0
Jamaica,Maize (corn),1970,4401.0
Jamaica,Maize (corn),1971,5098.0
Jamaica,Maize (corn),1972,4318.0
Jamaica,Maize (corn),1973,3896.0
Jamaica,Maize (corn),1974,9842.0
Jamaica,Maize (corn),1975,11185.0
Jamaica,Maize (corn),1976,11093.0
Jamaica,Maize (corn),1977,9242.0
Jamaica,Maize (corn),1978,7864.0
Jamaica,Maize (corn),1979,6092.0
Jamaica,Maize (corn),1980,4393.0
Jamaica,Maize (corn),1981,4514.0
Jamaica,Maize (corn),1982,3094.0
Jamaica,Maize (corn),1983,3653.0
Jamaica,Maize (corn),1984,3680.0
Jamaica,Maize (corn),1985,3893.0
Jamaica,Maize (corn),1986,4559.0
Jamaica,Maize (corn),1987,3969.0
Jamaica,Maize (corn),1988,2062.0
Jamaica,Maize (corn),1989,2915.0
Jamaica,Maize (corn),1990,2161.0
Jamaica,Maize (corn),1991,2904.0
Jamaica,Maize (corn),1992,3828.0
Jamaica,Maize (corn),1993,3295.0
Jamaica,Maize (corn),1994,3828.0
Jamaica,Maize (corn),1995,3741.0
Jamaica,Maize (corn),1996,4037.0
Jamaica,Maize (corn),1997,3121.0
Jamaica,Maize (corn),1998,2198.0
Jamaica,Maize (corn),1999,2133.0
Jamaica,Maize (corn),2000,1769.0
Jamaica,Maize (corn),2001,2083.0
Jamaica,Maize (corn),2002,1755.0
Jamaica,Maize (corn),2003,2043.0
Jamaica,Maize (corn),2004,1601.0
Jamaica,Maize (corn),2005,1926.0
Jamaica,Maize (corn),2006,1893.0
Jamaica,Maize (corn),2007,1673.0
Jamaica,Maize (corn),2008,1897.0
Jamaica,Maize (corn),2009,2359.0
Jamaica,Maize (corn),2010,2362.0
Jamaica,Maize (corn),2011,2733.0
Jamaica,Maize (corn),2012,2820.0
Jamaica,Maize (corn),2013,2954.0
Jamaica,Maize (corn),2014,2490.0
Jamaica,Maize (corn),2015,2347.0
Jamaica,Maize (corn),2016,2340.0
Jamaica,Maize (corn),2017,2539.0
Jamaica,Maize (corn),2018,2177.09
Jamaica,Maize (corn),2019,2058.0
Jamaica,Maize (corn),2020,2018.0
Jamaica,Maize (corn),2021,2122.0
Jamaica,Maize (corn),2022,2426.0
Jamaica,Maize (corn),2023,2291.0
Jamaica,Maize (corn),2024,2381.0
Jamaica,Sugar cane,1961,4438093.0
Jamaica,Sugar cane,1962,4171889.0
Jamaica,Sugar cane,1963,4602693.0
Jamaica,Sugar cane,1964,4719538.0
Jamaica,Sugar cane,1965,4775421.0
Jamaica,Sugar cane,1966,4963390.0
Jamaica,Sugar cane,1967,4562951.0
Jamaica,Sugar cane,1968,4519377.0
Jamaica,Sugar cane,1969,4068252.0
Jamaica,Sugar cane,1970,4121087.0
Jamaica,Sugar cane,1971,4105846.0
Jamaica,Sugar cane,1972,4133279.0
Jamaica,Sugar cane,1973,3647620.0
Jamaica,Sugar cane,1974,3846765.0
Jamaica,Sugar cane,1975,3579544.0
Jamaica,Sugar cane,1976,3628315.0
Jamaica,Sugar cane,1977,3252376.0
Jamaica,Sugar cane,1978,3640600.0
Jamaica,Sugar cane,1979,2988200.0
Jamaica,Sugar cane,1980,2810390.0
Jamaica,Sugar cane,1981,2492370.0
Jamaica,Sugar cane,1982,2549270.0
Jamaica,Sugar cane,1983,2350120.0
Jamaica,Sugar cane,1984,2449700.0
Jamaica,Sugar cane,1985,2296270.0
Jamaica,Sugar cane,1986,2239370.0
Jamaica,Sugar cane,1987,2013810.0
Jamaica,Sugar cane,1988,2603120.0
Jamaica,Sugar cane,1989,2293220.0
Jamaica,Sugar cane,1990,2491000.0
Jamaica,Sugar cane,1991,2732000.0
Jamaica,Sugar cane,1992,2525000.0
Jamaica,Sugar cane,1993,2661000.0
Jamaica,Sugar cane,1994,2450000.0
Jamaica,Sugar cane,1995,2372000.0
Jamaica,Sugar cane,1996,2623915.0
Jamaica,Sugar cane,1997,2413380.0
Jamaica,Sugar cane,1998,2260000.0
Jamaica,Sugar cane,1999,2313000.0
Jamaica,Sugar cane,2000,2025000.0
Jamaica,Sugar cane,2001,2231000.0
Jamaica,Sugar cane,2002,1965500.0
Jamaica,Sugar cane,2003,1775700.0
Jamaica,Sugar cane,2004,1993100.0
Jamaica,Sugar cane,2005,1368700.0
Jamaica,Sugar cane,2006,1745300.0
Jamaica,Sugar cane,2007,1968000.0
Jamaica,Sugar cane,2008,1652000.0
Jamaica,Sugar cane,2009,1334600.0
Jamaica,Sugar cane,2010,1390100.0
Jamaica,Sugar cane,2011,1518300.0
Jamaica,Sugar cane,2012,1475200.0
Jamaica,Sugar cane,2013,1402600.0
Jamaica,Sugar cane,2014,1779300.0
Jamaica,Sugar cane,2015,1572400.0
Jamaica,Sugar cane,2016,1127100.0
Jamaica,Sugar cane,2017,1131200.0
Jamaica,Sugar cane,2018,1028400.0
Jamaica,Sugar cane,2019,744165.0
Jamaica,Sugar cane,2020,522503.0
Jamaica,Sugar cane,2021,499044.0
Jamaica,Sugar cane,2022,479957.0
Jamaica,Sugar cane,2023,414769.0
Jamaica,Sugar cane,2024,428896.0
Martinique,Sugar cane,1961,1140218.0
Martinique,Sugar cane,1962,1071893.0
Martinique,Sugar cane,1963,1209603.0
Martinique,Sugar cane,1964,826488.0
Martinique,Sugar cane,1965,908351.0
Martinique,Sugar cane,1966,816749.0
Martinique,Sugar cane,1967,668947.0
Martinique,Sugar cane,1968,509346.0
Martinique,Sugar cane,1969,531241.0
Martinique,Sugar cane,1970,484882.0
Martinique,Sugar cane,1971,514375.0
Martinique,Sugar cane,1972,466738.0
Martinique,Sugar cane,1973,411872.0
Martinique,Sugar cane,1974,378851.0
Martinique,Sugar cane,1975,365210.0
Martinique,Sugar cane,1976,331769.0
Martinique,Sugar cane,1977,350246.0
Martinique,Sugar cane,1978,321080.0
Martinique,Sugar cane,1979,291075.0
Martinique,Sugar cane,1980,266086.0
Martinique,Sugar cane,1981,244148.0
Martinique,Sugar cane,1982,207666.0
Martinique,Sugar cane,1983,214494.0
Martinique,Sugar cane,1984,225701.0
Martinique,Sugar cane,1985,229760.0
Martinique,Sugar cane,1986,231615.0
Martinique,Sugar cane,1987,221870.0
Martinique,Sugar cane,1988,207500.0
Martinique,Sugar cane,1989,221900.0
Martinique,Sugar cane,1990,205801.0
Martinique,Sugar cane,1991,189708.0
Martinique,Sugar cane,1992,212229.0
Martinique,Sugar cane,1993,229988.0
Martinique,Sugar cane,1994,201660.0
Martinique,Sugar cane,1995,211875.0
Martinique,Sugar cane,1996,215800.0
Martinique,Sugar cane,1997,188827.0
Martinique,Sugar cane,1998,191841.0
Martinique,Sugar cane,1999,207293.0
Martinique,Sugar cane,2000,235403.0
Martinique,Sugar cane,2001,207189.0
Martinique,Sugar cane,2002,243453.0
Martinique,Sugar cane,2003,184374.0
Martinique,Sugar cane,2004,227152.0
Martinique,Sugar cane,2005,213144.0
Martinique,Sugar cane,2006,165101.0
Mexico,Maize (corn),1961,6246106.0
Mexico,Maize (corn),1962,6337359.0
Mexico,Maize (corn),1963,6870201.0
Mexico,Maize (corn),1964,8454046.0
Mexico,Maize (corn),1965,8936381.0
Mexico,Maize (corn),1966,9271485.0
Mexico,Maize (corn),1967,8603279.0
Mexico,Maize (corn),1968,9061823.0
Mexico,Maize (corn),1969,8410891.0
Mexico,Maize (corn),1970,8879385.0
Mexico,Maize (corn),1971,9785734.0
Mexico,Maize (corn),1972,9222837.0
Mexico,Maize (corn),1973,8609132.0
Mexico,Maize (corn),1974,7847763.0
Mexico,Maize (corn),1975,8448708.0
Mexico,Maize (corn),1976,8017294.0
Mexico,Maize (corn),1977,10137914.0
Mexico,Maize (corn),1978,10930077.0
Mexico,Maize (corn),1979,8457899.0
Mexico,Maize (corn),1980,12374400.0
Mexico,Maize (corn),1981,13988074.0
Mexico,Maize (corn),1982,10119665.0
Mexico,Maize (corn),1983,13188000.0
Mexico,Maize (corn),1984,12788809.0
Mexico,Maize (corn),1985,14103454.0
Mexico,Maize (corn),1986,11909708.0
Mexico,Maize (corn),1987,11606945.0
Mexico,Maize (corn),1988,10592291.0
Mexico,Maize (corn),1989,10952847.0
Mexico,Maize (corn),1990,14635439.0
Mexico,Maize (corn),1991,14251500.0
Mexico,Maize (corn),1992,16929344.0
Mexico,Maize (corn),1993,18125264.0
Mexico,Maize (corn),1994,18235826.0
Mexico,Maize (corn),1995,18352856.0
Mexico,Maize (corn),1996,18023626.0
Mexico,Maize (corn),1997,17656258.0
Mexico,Maize (corn),1998,18454710.0
Mexico,Maize (corn),1999,17706376.0
Mexico,Maize (corn),2000,17556900.0
Mexico,Maize (corn),2001,20134300.0
Mexico,Maize (corn),2002,19297800.0
Mexico,Maize (corn),2003,20701400.0
Mexico,Maize (corn),2004,21670200.0
Mexico,Maize (corn),2005,19338700.0
Mexico,Maize (corn),2006,21893209.0
Mexico,Maize (corn),2007,23512752.0
Mexico,Maize (corn),2008,24320100.0
Mexico,Maize (corn),2009,20142816.0
Mexico,Maize (corn),2010,23301879.0
Mexico,Maize (corn),2011,17635417.0
Mexico,Maize (corn),2012,22069254.0
Mexico,Maize (corn),2013,22663953.0
Mexico,Maize (corn),2014,23273256.54
Mexico,Maize (corn),2015,24694046.25
Mexico,Maize (corn),2016,28250160.0
Mexico,Maize (corn),2017,27763203.33
Mexico,Maize (corn),2018,27169400.0
Mexico,Maize (corn),2019,27228242.42
Mexico,Maize (corn),2020,27424527.55
Mexico,Maize (corn),2021,27503477.82
Mexico,Maize (corn),2022,26553239.3
Mexico,Maize (corn),2023,27549917.53
Mexico,Maize (corn),2024,24326508.24
Mexico,Sorghum,1961,290641.0
Mexico,Sorghum,1962,295920.0
Mexico,Sorghum,1963,402183.0
Mexico,Sorghum,1964,525554.0
Mexico,Sorghum,1965,746994.0
Mexico,Sorghum,1966,1410971.0
Mexico,Sorghum,1967,1666619.0
Mexico,Sorghum,1968,2132619.0
Mexico,Sorghum,1969,2455928.0
Mexico,Sorghum,1970,2747210.0
Mexico,Sorghum,1971,2515958.0
Mexico,Sorghum,1972,2611523.0
Mexico,Sorghum,1973,3269836.0
Mexico,Sorghum,1974,3182582.0
Mexico,Sorghum,1975,4125818.0
Mexico,Sorghum,1976,4026864.0
Mexico,Sorghum,1977,4324968.0
Mexico,Sorghum,1978,4192997.0
Mexico,Sorghum,1979,3988423.0
Mexico,Sorghum,1980,4689445.0
Mexico,Sorghum,1981,6086354.0
Mexico,Sorghum,1982,4718711.0
Mexico,Sorghum,1983,4867294.0
Mexico,Sorghum,1984,5038581.0
Mexico,Sorghum,1985,6596708.0
Mexico,Sorghum,1986,4835675.0
Mexico,Sorghum,1987,6317250.0
Mexico,Sorghum,1988,5893595.0
Mexico,Sorghum,1989,5002072.0
Mexico,Sorghum,1990,5978159.0
Mexico,Sorghum,1991,4307792.0
Mexico,Sorghum,1992,5353223.0
Mexico,Sorghum,1993,2581072.0
Mexico,Sorghum,1994,3701120.0
Mexico,Sorghum,1995,4169898.0
Mexico,Sorghum,1996,6809490.0
Mexico,Sorghum,1997,5711564.0
Mexico,Sorghum,1998,6474842.0
Mexico,Sorghum,1999,5720343.0
Mexico,Sorghum,2000,5842308.0
Mexico,Sorghum,2001,6566535.0
Mexico,Sorghum,2002,5206323.0
Mexico,Sorghum,2003,6462200.0
Mexico,Sorghum,2004,7004400.0
Mexico,Sorghum,2005,5524384.0
Mexico,Sorghum,2006,5518518.0
Mexico,Sorghum,2007,6202920.0
Mexico,Sorghum,2008,6610900.0
Mexico,Sorghum,2009,6108085.0
Mexico,Sorghum,2010,6940225.0
Mexico,Sorghum,2011,6429311.0
Mexico,Sorghum,2012,6969502.0
Mexico,Sorghum,2013,6308146.0
Mexico,Sorghum,2014,8394056.77
Mexico,Sorghum,2015,5195388.74
Mexico,Sorghum,2016,5005837.11
Mexico,Sorghum,2017,4853109.66
Mexico,Sorghum,2018,4531097.39
Mexico,Sorghum,2019,4352947.01
Mexico,Sorghum,2020,4703700.87
Mexico,Sorghum,2021,4370063.85
Mexico,Sorghum,2022,4762961.75
Mexico,Sorghum,2023,4815930.91
Mexico,Sorghum,2024,4525322.34
Mexico,Sugar cane,1961,19167984.0
Mexico,Sugar cane,1962,21115600.0
Mexico,Sugar cane,1963,22326992.0
Mexico,Sugar cane,1964,26989616.0
Mexico,Sugar cane,1965,30955680.0
Mexico,Sugar cane,1966,32228624.0
Mexico,Sugar cane,1967,32106864.0
Mexico,Sugar cane,1968,31683232.0
Mexico,Sugar cane,1969,32445808.0
Mexico,Sugar cane,1970,34651424.0
Mexico,Sugar cane,1971,32715152.0
Mexico,Sugar cane,1972,32252000.0
Mexico,Sugar cane,1973,32861248.0
Mexico,Sugar cane,1974,33499152.0
Mexico,Sugar cane,1975,35840576.0
Mexico,Sugar cane,1976,31386544.0
Mexico,Sugar cane,1977,29397344.0
Mexico,Sugar cane,1978,35474848.0
Mexico,Sugar cane,1979,34587408.0
Mexico,Sugar cane,1980,35278624.0
Mexico,Sugar cane,1981,33197404.0
Mexico,Sugar cane,1982,35511016.0
Mexico,Sugar cane,1983,34232016.0
Mexico,Sugar cane,1984,34969728.0
Mexico,Sugar cane,1985,34430840.0
Mexico,Sugar cane,1986,44271184.0
Mexico,Sugar cane,1987,45874232.0
Mexico,Sugar cane,1988,42735216.0
Mexico,Sugar cane,1989,43910480.0
Mexico,Sugar cane,1990,39919368.0
Mexico,Sugar cane,1991,38433992.0
Mexico,Sugar cane,1992,41696600.0
Mexico,Sugar cane,1993,42930960.0
Mexico,Sugar cane,1994,40586768.0
Mexico,Sugar cane,1995,44452952.0
Mexico,Sugar cane,1996,45080648.0
Mexico,Sugar cane,1997,45219512.0
Mexico,Sugar cane,1998,48895256.0
Mexico,Sugar cane,1999,46880000.0
Mexico,Sugar cane,2000,44100000.0
Mexico,Sugar cane,2001,47250000.0
Mexico,Sugar cane,2002,45635300.0
Mexico,Sugar cane,2003,47483984.0
Mexico,Sugar cane,2004,48662244.0
Mexico,Sugar cane,2005,51645544.0
Mexico,Sugar cane,2006,50675820.0
Mexico,Sugar cane,2007,52089356.0
Mexico,Sugar cane,2008,51090720.0
Mexico,Sugar cane,2009,49492696.0
Mexico,Sugar cane,2010,50421620.0
Mexico,Sugar cane,2011,49735272.0
Mexico,Sugar cane,2012,50946484.0
Mexico,Sugar cane,2013,61182076.0
Mexico,Sugar cane,2014,56672828.91
Mexico,Sugar cane,2015,55396061.34
Mexico,Sugar cane,2016,56446821.06
Mexico,Sugar cane,2017,56954992.68
Mexico,Sugar cane,2018,56841522.67
Mexico,Sugar cane,2019,59334058.9
Mexico,Sugar cane,2020,53841556.79
Mexico,Sugar cane,2021,55247516.08
Mexico,Sugar cane,2022,55556083.44
Mexico,Sugar cane,2023,55589515.48
Mexico,Sugar cane,2024,53051361.68
Mexico,Wheat,1961,1401909.0
Mexico,Wheat,1962,1455256.0
Mexico,Wheat,1963,1702989.0
Mexico,Wheat,1964,2203066.0
Mexico,Wheat,1965,2150354.0
Mexico,Wheat,1966,1647368.0
Mexico,Wheat,1967,2122389.0
Mexico,Wheat,1968,2080725.0
Mexico,Wheat,1969,2326055.0
Mexico,Wheat,1970,2676451.0
Mexico,Wheat,1971,1830845.0
Mexico,Wheat,1972,1809018.0
Mexico,Wheat,1973,2090845.0
Mexico,Wheat,1974,2788677.0
Mexico,Wheat,1975,2798219.0
Mexico,Wheat,1976,3363299.0
Mexico,Wheat,1977,2455774.0
Mexico,Wheat,1978,2784660.0
Mexico,Wheat,1979,2286525.0
Mexico,Wheat,1980,2784914.0
Mexico,Wheat,1981,3193234.0
Mexico,Wheat,1982,4391421.0
Mexico,Wheat,1983,3463296.0
Mexico,Wheat,1984,4505245.0
Mexico,Wheat,1985,5214315.0
Mexico,Wheat,1986,4769411.0
Mexico,Wheat,1987,4415391.0
Mexico,Wheat,1988,3665126.0
Mexico,Wheat,1989,4374739.0
Mexico,Wheat,1990,3930934.0
Mexico,Wheat,1991,4060738.0
Mexico,Wheat,1992,3620503.0
Mexico,Wheat,1993,3582450.0
Mexico,Wheat,1994,4150920.0
Mexico,Wheat,1995,3468220.0
Mexico,Wheat,1996,3375008.0
Mexico,Wheat,1997,3656594.0
Mexico,Wheat,1998,3235080.0
Mexico,Wheat,1999,3020889.0
Mexico,Wheat,2000,3493210.0
Mexico,Wheat,2001,3275460.0
Mexico,Wheat,2002,3236183.0
Mexico,Wheat,2003,2715800.0
Mexico,Wheat,2004,2321200.0
Mexico,Wheat,2005,3015177.0
Mexico,Wheat,2006,3378116.0
Mexico,Wheat,2007,3515392.0
Mexico,Wheat,2008,4019400.0
Mexico,Wheat,2009,4116161.0
Mexico,Wheat,2010,3676707.0
Mexico,Wheat,2011,3627511.0
Mexico,Wheat,2012,3274337.0
Mexico,Wheat,2013,3357307.0
Mexico,Wheat,2014,3669813.71
Mexico,Wheat,2015,3710706.27
Mexico,Wheat,2016,3862914.27
Mexico,Wheat,2017,3503521.0
Mexico,Wheat,2018,2943445.12
Mexico,Wheat,2019,3244062.03
Mexico,Wheat,2020,2986689.24
Mexico,Wheat,2021,3283613.73
Mexico,Wheat,2022,3610847.35
Mexico,Wheat,2023,3476026.8
Mexico,Wheat,2024,2648377.74
Nicaragua,Maize (corn),1961,140200.0
Nicaragua,Maize (corn),1962,149900.0
Nicaragua,Maize (corn),1963,142378.0
Nicaragua,Maize (corn),1964,158100.0
Nicaragua,Maize (corn),1965,171300.0
Nicaragua,Maize (corn),1966,176000.0
Nicaragua,Maize (corn),1967,202300.0
Nicaragua,Maize (corn),1968,215900.0
Nicaragua,Maize (corn),1969,233700.0
Nicaragua,Maize (corn),1970,236200.0
Nicaragua,Maize (corn),1971,242700.0
Nicaragua,Maize (corn),1972,130800.0
Nicaragua,Maize (corn),1973,191190.0
Nicaragua,Maize (corn),1974,203044.0
Nicaragua,Maize (corn),1975,192105.0
Nicaragua,Maize (corn),1976,201080.0
Nicaragua,Maize (corn),1977,181330.0
Nicaragua,Maize (corn),1978,254150.0
Nicaragua,Maize (corn),1979,172700.0
Nicaragua,Maize (corn),1980,181605.0
Nicaragua,Maize (corn),1981,193154.0
Nicaragua,Maize (corn),1982,190495.0
Nicaragua,Maize (corn),1983,163411.0
Nicaragua,Maize (corn),1984,204869.0
Nicaragua,Maize (corn),1985,207800.0
Nicaragua,Maize (corn),1986,192396.0
Nicaragua,Maize (corn),1987,216365.0
Nicaragua,Maize (corn),1988,283400.0
Nicaragua,Maize (corn),1989,302310.0
Nicaragua,Maize (corn),1990,293030.0
Nicaragua,Maize (corn),1991,198900.0
Nicaragua,Maize (corn),1992,252000.0
Nicaragua,Maize (corn),1993,284364.0
Nicaragua,Maize (corn),1994,241310.0
Nicaragua,Maize (corn),1995,330845.0
Nicaragua,Maize (corn),1996,322877.0
Nicaragua,Maize (corn),1997,264068.0
Nicaragua,Maize (corn),1998,300469.0
Nicaragua,Maize (corn),1999,290777.0
Nicaragua,Maize (corn),2000,412195.0
Nicaragua,Maize (corn),2001,419863.0
Nicaragua,Maize (corn),2002,499455.0
Nicaragua,Maize (corn),2003,588599.0
Nicaragua,Maize (corn),2004,443730.0
Nicaragua,Maize (corn),2005,555595.0
Nicaragua,Maize (corn),2006,501890.0
Nicaragua,Maize (corn),2007,486672.0
Nicaragua,Maize (corn),2008,423881.0
Nicaragua,Maize (corn),2009,522024.0
Nicaragua,Maize (corn),2010,456974.09
Nicaragua,Maize (corn),2011,504079.14
Nicaragua,Maize (corn),2012,465293.0
Nicaragua,Maize (corn),2013,493449.36
Nicaragua,Maize (corn),2014,360503.36
Nicaragua,Maize (corn),2015,291382.6
Nicaragua,Maize (corn),2016,410622.42
Nicaragua,Maize (corn),2017,408414.86
Nicaragua,Maize (corn),2018,395223.0
Nicaragua,Maize (corn),2019,400146.0
Nicaragua,Maize (corn),2020,371148.0
Nicaragua,Maize (corn),2021,375726.08
Nicaragua,Maize (corn),2022,380992.47
Nicaragua,Maize (corn),2023,355855.63
Nicaragua,Sorghum,1961,49963.0
Nicaragua,Sorghum,1962,49090.0
Nicaragua,Sorghum,1963,41200.0
Nicaragua,Sorghum,1964,47131.0
Nicaragua,Sorghum,1965,46400.0
Nicaragua,Sorghum,1966,48900.0
Nicaragua,Sorghum,1967,51700.0
Nicaragua,Sorghum,1968,55700.0
Nicaragua,Sorghum,1969,58300.0
Nicaragua,Sorghum,1970,60800.0
Nicaragua,Sorghum,1971,51800.0
Nicaragua,Sorghum,1972,40100.0
Nicaragua,Sorghum,1973,44206.0
Nicaragua,Sorghum,1974,51870.0
Nicaragua,Sorghum,1975,62854.0
Nicaragua,Sorghum,1976,55200.0
Nicaragua,Sorghum,1977,42780.0
Nicaragua,Sorghum,1978,63802.0
Nicaragua,Sorghum,1979,62706.0
Nicaragua,Sorghum,1980,88160.0
Nicaragua,Sorghum,1981,88702.0
Nicaragua,Sorghum,1982,83881.0
Nicaragua,Sorghum,1983,102313.0
Nicaragua,Sorghum,1984,108302.0
Nicaragua,Sorghum,1985,153930.0
Nicaragua,Sorghum,1986,173380.0
Nicaragua,Sorghum,1987,110768.0
Nicaragua,Sorghum,1988,110722.0
Nicaragua,Sorghum,1989,77321.0
Nicaragua,Sorghum,1990,73867.0
Nicaragua,Sorghum,1991,70508.0
Nicaragua,Sorghum,1992,92180.0
Nicaragua,Sorghum,1993,102136.0
Nicaragua,Sorghum,1994,90718.0
Nicaragua,Sorghum,1995,58227.0
Nicaragua,Sorghum,1996,120659.0
Nicaragua,Sorghum,1997,86951.0
Nicaragua,Sorghum,1998,51401.0
Nicaragua,Sorghum,1999,75364.0
Nicaragua,Sorghum,2000,81689.0
Nicaragua,Sorghum,2001,88881.0
Nicaragua,Sorghum,2002,117770.0
Nicaragua,Sorghum,2003,115877.0
Nicaragua,Sorghum,2004,96583.0
Nicaragua,Sorghum,2005,91345.0
Nicaragua,Sorghum,2006,73154.0
Nicaragua,Sorghum,2007,107625.0
Nicaragua,Sorghum,2008,74624.0
Nicaragua,Sorghum,2009,57733.0
Nicaragua,Sorghum,2010,58775.91
Nicaragua,Sorghum,2011,91793.32
Nicaragua,Sorghum,2012,98618.91
Nicaragua,Sorghum,2013,99661.81
Nicaragua,Sorghum,2014,109092.17
Nicaragua,Sorghum,2015,91441.34
Nicaragua,Sorghum,2016,104332.9
Nicaragua,Sorghum,2017,78018.62
Nicaragua,Sorghum,2018,60156.0
Nicaragua,Sorghum,2019,57145.0
Nicaragua,Sorghum,2020,57058.0
Nicaragua,Sorghum,2021,56375.58
Nicaragua,Sorghum,2022,63712.83
Nicaragua,Sorghum,2023,26595.66
Nicaragua,Sugar cane,1961,1307534.0
Nicaragua,Sugar cane,1962,1300000.0
Nicaragua,Sugar cane,1963,1200000.0
Nicaragua,Sugar cane,1964,1400000.0
Nicaragua,Sugar cane,1965,1400000.0
Nicaragua,Sugar cane,1966,1291748.0
Nicaragua,Sugar cane,1967,1570462.0
Nicaragua,Sugar cane,1968,1645567.0
Nicaragua,Sugar cane,1969,1750389.0
Nicaragua,Sugar cane,1970,1861714.0
Nicaragua,Sugar cane,1971,1984791.0
Nicaragua,Sugar cane,1972,1932496.0
Nicaragua,Sugar cane,1973,1753293.0
Nicaragua,Sugar cane,1974,2153622.0
Nicaragua,Sugar cane,1975,2277595.0
Nicaragua,Sugar cane,1976,2358186.0
Nicaragua,Sugar cane,1977,2666466.0
Nicaragua,Sugar cane,1978,2733961.0
Nicaragua,Sugar cane,1979,2741663.0
Nicaragua,Sugar cane,1980,2175068.0
Nicaragua,Sugar cane,1981,2424315.0
Nicaragua,Sugar cane,1982,2826671.0
Nicaragua,Sugar cane,1983,2714525.0
Nicaragua,Sugar cane,1984,2842080.0
Nicaragua,Sugar cane,1985,2343700.0
Nicaragua,Sugar cane,1986,2529760.0
Nicaragua,Sugar cane,1987,2377670.0
Nicaragua,Sugar cane,1988,2025370.0
Nicaragua,Sugar cane,1989,2225000.0
Nicaragua,Sugar cane,1990,2391600.0
Nicaragua,Sugar cane,1991,2746500.0
Nicaragua,Sugar cane,1992,2563100.0
Nicaragua,Sugar cane,1993,2243636.0
Nicaragua,Sugar cane,1994,2593364.0
Nicaragua,Sugar cane,1995,3198091.0
Nicaragua,Sugar cane,1996,3649909.0
Nicaragua,Sugar cane,1997,3750809.0
Nicaragua,Sugar cane,1998,3459191.0
Nicaragua,Sugar cane,1999,3687118.0
Nicaragua,Sugar cane,2000,3524355.0
Nicaragua,Sugar cane,2001,3144591.0
Nicaragua,Sugar cane,2002,3119360.0
Nicaragua,Sugar cane,2003,4100500.0
Nicaragua,Sugar cane,2004,4027000.0
Nicaragua,Sugar cane,2005,3816573.0
Nicaragua,Sugar cane,2006,4505036.0
Nicaragua,Sugar cane,2007,4480873.0
Nicaragua,Sugar cane,2008,4304855.0
Nicaragua,Sugar cane,2009,5115536.5
Nicaragua,Sugar cane,2010,4893927.5
Nicaragua,Sugar cane,2011,5442573.5
Nicaragua,Sugar cane,2012,6732334.5
Nicaragua,Sugar cane,2013,6728134.71
Nicaragua,Sugar cane,2014,6997631.77
Nicaragua,Sugar cane,2015,6375625.24
Nicaragua,Sugar cane,2016,6149614.55
Nicaragua,Sugar cane,2017,7096373.01
Nicaragua,Sugar cane,2018,7314735.33
Nicaragua,Sugar cane,2019,7042714.88
Nicaragua,Sugar cane,2020,6992540.52
Nicaragua,Sugar cane,2021,6829944.43
Nicaragua,Sugar cane,2022,7351420.91
Nicaragua,Sugar cane,2023,6964836.59
Panama,Maize (corn),1961,73982.0
Panama,Maize (corn),1962,71887.0
Panama,Maize (corn),1963,75851.0
Panama,Maize (corn),1964,81902.0
Panama,Maize (corn),1965,84374.0
Panama,Maize (corn),1966,84370.0
Panama,Maize (corn),1967,88883.0
Panama,Maize (corn),1968,83739.0
Panama,Maize (corn),1969,87504.0
Panama,Maize (corn),1970,56419.0
Panama,Maize (corn),1971,54078.0
Panama,Maize (corn),1972,44348.0
Panama,Maize (corn),1973,54795.0
Panama,Maize (corn),1974,59363.0
Panama,Maize (corn),1975,65212.0
Panama,Maize (corn),1976,63971.0
Panama,Maize (corn),1977,79698.0
Panama,Maize (corn),1978,64489.0
Panama,Maize (corn),1979,64211.0
Panama,Maize (corn),1980,55021.0
Panama,Maize (corn),1981,56970.0
Panama,Maize (corn),1982,61902.0
Panama,Maize (corn),1983,73986.0
Panama,Maize (corn),1984,70589.0
Panama,Maize (corn),1985,96083.0
Panama,Maize (corn),1986,92510.0
Panama,Maize (corn),1987,98218.0
Panama,Maize (corn),1988,92466.0
Panama,Maize (corn),1989,90248.0
Panama,Maize (corn),1990,99284.0
Panama,Maize (corn),1991,102418.0
Panama,Maize (corn),1992,105303.0
Panama,Maize (corn),1993,104623.0
Panama,Maize (corn),1994,105897.0
Panama,Maize (corn),1995,108016.0
Panama,Maize (corn),1996,105181.0
Panama,Maize (corn),1997,64284.0
Panama,Maize (corn),1998,88556.0
Panama,Maize (corn),1999,80265.0
Panama,Maize (corn),2000,84605.0
Panama,Maize (corn),2001,77194.0
Panama,Maize (corn),2002,79552.0
Panama,Maize (corn),2003,92893.0
Panama,Maize (corn),2004,91024.0
Panama,Maize (corn),2005,81376.0
Panama,Maize (corn),2006,88856.0
Panama,Maize (corn),2007,80600.0
Panama,Maize (corn),2008,76708.0
Panama,Maize (corn),2009,85785.0
Panama,Maize (corn),2010,66721.0
Panama,Maize (corn),2011,105426.0
Panama,Maize (corn),2012,117591.0
Panama,Maize (corn),2013,131657.0
Panama,Maize (corn),2014,140571.0
Panama,Maize (corn),2015,102582.0
Panama,Maize (corn),2016,127799.0
Panama,Maize (corn),2017,116151.0
Panama,Maize (corn),2018,128540.0
Panama,Maize (corn),2019,123065.0
Panama,Maize (corn),2020,133115.0
Panama,Maize (corn),2021,135425.0
Panama,Maize (corn),2022,97370.0
Panama,Maize (corn),2023,94100.0
Panama,Maize (corn),2024,88900.0
Panama,Sorghum,1961,0.0
Panama,Sorghum,1962,0.0
Panama,Sorghum,1963,0.0
Panama,Sorghum,1964,0.0
Panama,Sorghum,1965,0.0
Panama,Sorghum,1966,0.0
Panama,Sorghum,1967,0.0
Panama,Sorghum,1968,0.0
Panama,Sorghum,1969,0.0
Panama,Sorghum,1970,0.0
Panama,Sorghum,1971,0.0
Panama,Sorghum,1972,0.0
Panama,Sorghum,1973,0.0
Panama,Sorghum,1974,0.0
Panama,Sorghum,1975,0.0
Panama,Sorghum,1976,0.0
Panama,Sorghum,1977,0.0
Panama,Sorghum,1978,0.0
Panama,Sorghum,1979,18000.0
Panama,Sorghum,1980,19030.0
Panama,Sorghum,1981,19140.0
Panama,Sorghum,1982,18000.0
Panama,Sorghum,1983,17500.0
Panama,Sorghum,1984,17365.0
Panama,Sorghum,1985,18998.0
Panama,Sorghum,1986,20271.0
Panama,Sorghum,1987,25827.0
Panama,Sorghum,1988,22593.0
Panama,Sorghum,1989,30443.0
Panama,Sorghum,1990,23050.0
Panama,Sorghum,1991,25509.0
Panama,Sorghum,1992,21559.0
Panama,Sorghum,1993,14286.0
Panama,Sorghum,1994,13128.0
Panama,Sorghum,1995,22595.0
Panama,Sorghum,1996,20140.0
Panama,Sorghum,1997,19059.0
Panama,Sorghum,1998,1500.0
Panama,Sorghum,1999,1918.0
Panama,Sorghum,2000,1140.0
Panama,Sorghum,2001,2784.0
Panama,Sorghum,2002,2785.0
Panama,Sorghum,2003,5956.0
Panama,Sorghum,2004,7274.7
Panama,Sorghum,2005,10018.3
Panama,Sorghum,2006,7886.0
Panama,Sorghum,2007,8938.0
Panama,Sorghum,2008,8783.0
Panama,Sorghum,2009,4294.0
Panama,Sorghum,2010,4642.0
Panama,Sorghum,2011,3628.0
Panama,Sorghum,2012,4227.0
Panama,Sorghum,2013,4728.0
Panama,Sorghum,2014,5513.0
Panama,Sorghum,2015,3621.0
Panama,Sorghum,2016,1038.0
Panama,Sorghum,2017,918.0
Panama,Sorghum,2018,404.0
Panama,Sorghum,2019,3656.0
Panama,Sorghum,2020,3648.0
Panama,Sorghum,2021,815.0
Panama,Sorghum,2022,2300.0
Panama,Sorghum,2023,2100.0
Panama,Sorghum,2024,1950.0
Panama,Sugar cane,1961,679463.0
Panama,Sugar cane,1962,646011.0
Panama,Sugar cane,1963,776415.0
Panama,Sugar cane,1964,920793.0
Panama,Sugar cane,1965,950640.0
Panama,Sugar cane,1966,838559.0
Panama,Sugar cane,1967,1067583.0
Panama,Sugar cane,1968,1148535.0
Panama,Sugar cane,1969,1189464.0
Panama,Sugar cane,1970,1185365.0
Panama,Sugar cane,1971,1350000.0
Panama,Sugar cane,1972,1183600.0
Panama,Sugar cane,1973,1352970.0
Panama,Sugar cane,1974,1432440.0
Panama,Sugar cane,1975,1721918.0
Panama,Sugar cane,1976,1923880.0
Panama,Sugar cane,1977,2395554.0
Panama,Sugar cane,1978,2756945.0
Panama,Sugar cane,1979,2624058.0
Panama,Sugar cane,1980,2386182.0
Panama,Sugar cane,1981,2047805.0
Panama,Sugar cane,1982,2590580.0
Panama,Sugar cane,1983,2093925.0
Panama,Sugar cane,1984,2134622.0
Panama,Sugar cane,1985,1820492.0
Panama,Sugar cane,1986,1596555.0
Panama,Sugar cane,1987,1506145.0
Panama,Sugar cane,1988,1318795.0
Panama,Sugar cane,1989,1261316.0
Panama,Sugar cane,1990,1297813.0
Panama,Sugar cane,1991,1271770.0
Panama,Sugar cane,1992,1671434.0
Panama,Sugar cane,1993,1648981.0
Panama,Sugar cane,1994,1698340.0
Panama,Sugar cane,1995,1375324.0
Panama,Sugar cane,1996,1589670.0
Panama,Sugar cane,1997,1735363.0
Panama,Sugar cane,1998,1956800.0
Panama,Sugar cane,1999,1773873.0
Panama,Sugar cane,2000,1788509.0
Panama,Sugar cane,2001,1438670.0
Panama,Sugar cane,2002,1601281.0
Panama,Sugar cane,2003,1572050.0
Panama,Sugar cane,2004,1749490.8
Panama,Sugar cane,2005,1766086.2
Panama,Sugar cane,2006,1771500.0
Panama,Sugar cane,2007,1797503.0
Panama,Sugar cane,2008,1724662.0
Panama,Sugar cane,2009,1774930.0
Panama,Sugar cane,2010,1913854.0
Panama,Sugar cane,2011,2229031.0
Panama,Sugar cane,2012,2263890.0
Panama,Sugar cane,2013,2275579.0
Panama,Sugar cane,2014,2482224.0
Panama,Sugar cane,2015,2380811.0
Panama,Sugar cane,2016,2419680.0
Panama,Sugar cane,2017,2444500.0
Panama,Sugar cane,2018,2659360.0
Panama,Sugar cane,2019,2423049.0
Panama,Sugar cane,2020,2521268.0
Panama,Sugar cane,2021,2190705.0
Panama,Sugar cane,2022,1800000.0
Panama,Sugar cane,2023,1750000.0
Panama,Sugar cane,2024,1850000.0
Paraguay,Maize (corn),1961,110000.0
Paraguay,Maize (corn),1962,123500.0
Paraguay,Maize (corn),1963,120000.0
Paraguay,Maize (corn),1964,206000.0
Paraguay,Maize (corn),1965,210000.0
Paraguay,Maize (corn),1966,165500.0
Paraguay,Maize (corn),1967,225000.0
Paraguay,Maize (corn),1968,180000.0
Paraguay,Maize (corn),1969,153000.0
Paraguay,Maize (corn),1970,220000.0
Paraguay,Maize (corn),1971,230500.0
Paraguay,Maize (corn),1972,209300.0
Paraguay,Maize (corn),1973,246000.0
Paraguay,Maize (corn),1974,281595.0
Paraguay,Maize (corn),1975,300754.0
Paraguay,Maize (corn),1976,351458.0
Paraguay,Maize (corn),1977,400983.0
Paraguay,Maize (corn),1978,355400.0
Paraguay,Maize (corn),1979,340000.0
Paraguay,Maize (corn),1980,351000.0
Paraguay,Maize (corn),1981,314000.0
Paraguay,Maize (corn),1982,344000.0
Paraguay,Maize (corn),1983,262000.0
Paraguay,Maize (corn),1984,241000.0
Paraguay,Maize (corn),1985,265000.0
Paraguay,Maize (corn),1986,262000.0
Paraguay,Maize (corn),1987,290543.0
Paraguay,Maize (corn),1988,348071.0
Paraguay,Maize (corn),1989,367955.0
Paraguay,Maize (corn),1990,420019.0
Paraguay,Maize (corn),1991,401339.0
Paraguay,Maize (corn),1992,449700.0
Paraguay,Maize (corn),1993,439129.8
Paraguay,Maize (corn),1994,461665.0
Paraguay,Maize (corn),1995,816018.04
Paraguay,Maize (corn),1996,653731.45
Paraguay,Maize (corn),1997,1054938.2
Paraguay,Maize (corn),1998,873215.79
Paraguay,Maize (corn),1999,816545.48
Paraguay,Maize (corn),2000,647270.0
Paraguay,Maize (corn),2001,947167.0
Paraguay,Maize (corn),2002,867270.0
Paraguay,Maize (corn),2003,1055536.0
Paraguay,Maize (corn),2004,1120000.0
Paraguay,Maize (corn),2005,830000.0
Paraguay,Maize (corn),2006,1652688.29
Paraguay,Maize (corn),2007,2008942.5
Paraguay,Maize (corn),2008,2471711.0
Paraguay,Maize (corn),2009,1857840.0
Paraguay,Maize (corn),2010,3108821.0
Paraguay,Maize (corn),2011,3345877.0
Paraguay,Maize (corn),2012,3079525.0
Paraguay,Maize (corn),2013,4120000.0
Paraguay,Maize (corn),2014,3200000.0
Paraguay,Maize (corn),2015,4985881.0
Paraguay,Maize (corn),2016,5152320.0
Paraguay,Maize (corn),2017,5155900.0
Paraguay,Maize (corn),2018,5344650.0
Paraguay,Maize (corn),2019,5576900.0
Paraguay,Maize (corn),2020,5834593.0
Paraguay,Maize (corn),2021,4088093.0
Paraguay,Maize (corn),2022,4624678.0
Paraguay,Maize (corn),2023,4491550.0
Paraguay,Maize (corn),2024,3942500.0
Paraguay,Sorghum,1961,3800.0
Paraguay,Sorghum,1962,3500.0
Paraguay,Sorghum,1963,3000.0
Paraguay,Sorghum,1964,3680.0
Paraguay,Sorghum,1965,3800.0
Paraguay,Sorghum,1966,3900.0
Paraguay,Sorghum,1967,4100.0
Paraguay,Sorghum,1968,6000.0
Paraguay,Sorghum,1969,6000.0
Paraguay,Sorghum,1970,4800.0
Paraguay,Sorghum,1971,5500.0
Paraguay,Sorghum,1972,5775.0
Paraguay,Sorghum,1973,5925.0
Paraguay,Sorghum,1974,7294.0
Paraguay,Sorghum,1975,8069.0
Paraguay,Sorghum,1976,9000.0
Paraguay,Sorghum,1977,8680.0
Paraguay,Sorghum,1978,8106.0
Paraguay,Sorghum,1979,8518.0
Paraguay,Sorghum,1980,9000.0
Paraguay,Sorghum,1981,9980.0
Paraguay,Sorghum,1982,10479.0
Paraguay,Sorghum,1983,10752.0
Paraguay,Sorghum,1984,7364.0
Paraguay,Sorghum,1985,7586.0
Paraguay,Sorghum,1986,6069.0
Paraguay,Sorghum,1987,13020.0
Paraguay,Sorghum,1988,13824.0
Paraguay,Sorghum,1989,15066.0
Paraguay,Sorghum,1990,14208.0
Paraguay,Sorghum,1991,13398.0
Paraguay,Sorghum,1992,24880.0
Paraguay,Sorghum,1993,18923.0
Paraguay,Sorghum,1994,22205.0
Paraguay,Sorghum,1995,25777.0
Paraguay,Sorghum,1996,23316.0
Paraguay,Sorghum,1997,24007.0
Paraguay,Sorghum,1998,21479.0
Paraguay,Sorghum,1999,22908.0
Paraguay,Sorghum,2000,34239.0
Paraguay,Sorghum,2001,42519.0
Paraguay,Sorghum,2002,39968.0
Paraguay,Sorghum,2003,27384.0
Paraguay,Sorghum,2004,19103.0
Paraguay,Sorghum,2005,17200.0
Paraguay,Sorghum,2006,25085.0
Paraguay,Sorghum,2007,25000.0
Paraguay,Sorghum,2008,26501.0
Paraguay,Sorghum,2009,26495.0
Paraguay,Sorghum,2010,149543.0
Paraguay,Sorghum,2011,149543.0
Paraguay,Sorghum,2012,124625.0
Paraguay,Sorghum,2013,104995.0
Paraguay,Sorghum,2014,87500.0
Paraguay,Sorghum,2015,107937.0
Paraguay,Sorghum,2016,107880.0
Paraguay,Sorghum,2017,107880.0
Paraguay,Sorghum,2018,107879.0
Paraguay,Sorghum,2019,107930.0
Paraguay,Sorghum,2020,107955.0
Paraguay,Sorghum,2021,107932.0
Paraguay,Sorghum,2022,32336.0
Paraguay,Sorghum,2023,36611.0
Paraguay,Sorghum,2024,44208.42
Paraguay,Sugar cane,1961,646700.0
Paraguay,Sugar cane,1962,672000.0
Paraguay,Sugar cane,1963,700000.0
Paraguay,Sugar cane,1964,964100.0
Paraguay,Sugar cane,1965,991600.0
Paraguay,Sugar cane,1966,988000.0
Paraguay,Sugar cane,1967,988000.0
Paraguay,Sugar cane,1968,702000.0
Paraguay,Sugar cane,1969,821300.0
Paraguay,Sugar cane,1970,1415000.0
Paraguay,Sugar cane,1971,1407400.0
Paraguay,Sugar cane,1972,1044500.0
Paraguay,Sugar cane,1973,1100800.0
Paraguay,Sugar cane,1974,1203000.0
Paraguay,Sugar cane,1975,1038200.0
Paraguay,Sugar cane,1976,1076900.0
Paraguay,Sugar cane,1977,1159800.0
Paraguay,Sugar cane,1978,1260000.0
Paraguay,Sugar cane,1979,1287000.0
Paraguay,Sugar cane,1980,1372900.0
Paraguay,Sugar cane,1981,2154700.0
Paraguay,Sugar cane,1982,2319400.0
Paraguay,Sugar cane,1983,2406700.0
Paraguay,Sugar cane,1984,2556600.0
Paraguay,Sugar cane,1985,2726495.0
Paraguay,Sugar cane,1986,2758000.0
Paraguay,Sugar cane,1987,2551480.0
Paraguay,Sugar cane,1988,2707120.0
Paraguay,Sugar cane,1989,2896618.0
Paraguay,Sugar cane,1990,2449329.0
Paraguay,Sugar cane,1991,2817091.0
Paraguay,Sugar cane,1992,2788210.0
Paraguay,Sugar cane,1993,2811460.0
Paraguay,Sugar cane,1994,2799318.0
Paraguay,Sugar cane,1995,2576000.0
Paraguay,Sugar cane,1996,2736000.0
Paraguay,Sugar cane,1997,2795000.0
Paraguay,Sugar cane,1998,2800000.0
Paraguay,Sugar cane,1999,2872271.0
Paraguay,Sugar cane,2000,2244900.0
Paraguay,Sugar cane,2001,2396180.0
Paraguay,Sugar cane,2002,2976290.0
Paraguay,Sugar cane,2003,3260475.0
Paraguay,Sugar cane,2004,3637000.0
Paraguay,Sugar cane,2005,3020000.0
Paraguay,Sugar cane,2006,3200000.0
Paraguay,Sugar cane,2007,4100000.0
Paraguay,Sugar cane,2008,5079612.0
Paraguay,Sugar cane,2009,4800000.0
Paraguay,Sugar cane,2010,5130941.0
Paraguay,Sugar cane,2011,5339010.0
Paraguay,Sugar cane,2012,4186000.0
Paraguay,Sugar cane,2013,5544797.0
Paraguay,Sugar cane,2014,6372000.0
Paraguay,Sugar cane,2015,6701433.0
Paraguay,Sugar cane,2016,6708000.0
Paraguay,Sugar cane,2017,6608000.0
Paraguay,Sugar cane,2018,6160000.0
Paraguay,Sugar cane,2019,5819500.0
Paraguay,Sugar cane,2020,7430975.0
Paraguay,Sugar cane,2021,7221100.0
Paraguay,Sugar cane,2022,5048888.0
Paraguay,Sugar cane,2023,6858400.0
Paraguay,Sugar cane,2024,6864550.0
Paraguay,Wheat,1961,7200.0
Paraguay,Wheat,1962,7000.0
Paraguay,Wheat,1963,8800.0
Paraguay,Wheat,1964,7000.0
Paraguay,Wheat,1965,7200.0
Paraguay,Wheat,1966,9160.0
Paraguay,Wheat,1967,25100.0
Paraguay,Wheat,1968,32000.0
Paraguay,Wheat,1969,31376.0
Paraguay,Wheat,1970,33000.0
Paraguay,Wheat,1971,54800.0
Paraguay,Wheat,1972,17600.0
Paraguay,Wheat,1973,23000.0
Paraguay,Wheat,1974,35245.0
Paraguay,Wheat,1975,17872.0
Paraguay,Wheat,1976,29251.0
Paraguay,Wheat,1977,28261.0
Paraguay,Wheat,1978,37801.0
Paraguay,Wheat,1979,58253.0
Paraguay,Wheat,1980,83679.0
Paraguay,Wheat,1981,98895.0
Paraguay,Wheat,1982,139071.0
Paraguay,Wheat,1983,102138.0
Paraguay,Wheat,1984,120764.0
Paraguay,Wheat,1985,201090.0
Paraguay,Wheat,1986,241543.0
Paraguay,Wheat,1987,270528.0
Paraguay,Wheat,1988,452006.0
Paraguay,Wheat,1989,372916.0
Paraguay,Wheat,1990,259337.0
Paraguay,Wheat,1991,240538.0
Paraguay,Wheat,1992,259337.0
Paraguay,Wheat,1993,425421.0
Paraguay,Wheat,1994,375679.0
Paraguay,Wheat,1995,208617.0
Paraguay,Wheat,1996,543435.0
Paraguay,Wheat,1997,400189.0
Paraguay,Wheat,1998,229173.0
Paraguay,Wheat,1999,180088.0
Paraguay,Wheat,2000,231119.0
Paraguay,Wheat,2001,532155.0
Paraguay,Wheat,2002,536754.0
Paraguay,Wheat,2003,715000.0
Paraguay,Wheat,2004,715000.0
Paraguay,Wheat,2005,800000.0
Paraguay,Wheat,2006,620000.0
Paraguay,Wheat,2007,800000.0
Paraguay,Wheat,2008,799632.0
Paraguay,Wheat,2009,1066800.0
Paraguay,Wheat,2010,1401987.0
Paraguay,Wheat,2011,1463881.0
Paraguay,Wheat,2012,1560600.0
Paraguay,Wheat,2013,1430000.0
Paraguay,Wheat,2014,840000.0
Paraguay,Wheat,2015,1139147.0
Paraguay,Wheat,2016,1144000.0
Paraguay,Wheat,2017,1020000.0
Paraguay,Wheat,2018,722400.0
Paraguay,Wheat,2019,1358000.0
Paraguay,Wheat,2020,1302870.0
Paraguay,Wheat,2021,927776.0
Paraguay,Wheat,2022,972872.0
Paraguay,Wheat,2023,968789.0
Paraguay,Wheat,2024,767700.0
Peru,Maize (corn),1961,340037.0
Peru,Maize (corn),1962,357274.0
Peru,Maize (corn),1963,362330.0
Peru,Maize (corn),1964,502580.0
Peru,Maize (corn),1965,557171.0
Peru,Maize (corn),1966,581008.0
Peru,Maize (corn),1967,590575.0
Peru,Maize (corn),1968,525835.0
Peru,Maize (corn),1969,589698.0
Peru,Maize (corn),1970,614619.0
Peru,Maize (corn),1971,616368.0
Peru,Maize (corn),1972,628323.0
Peru,Maize (corn),1973,599490.0
Peru,Maize (corn),1974,605632.0
Peru,Maize (corn),1975,634687.0
Peru,Maize (corn),1976,725659.0
Peru,Maize (corn),1977,733873.0
Peru,Maize (corn),1978,590014.0
Peru,Maize (corn),1979,621457.0
Peru,Maize (corn),1980,493307.0
Peru,Maize (corn),1981,590805.0
Peru,Maize (corn),1982,658558.0
Peru,Maize (corn),1983,625645.0
Peru,Maize (corn),1984,775558.0
Peru,Maize (corn),1985,702470.0
Peru,Maize (corn),1986,876307.0
Peru,Maize (corn),1987,909434.0
Peru,Maize (corn),1988,908336.0
Peru,Maize (corn),1989,1009860.0
Peru,Maize (corn),1990,631815.0
Peru,Maize (corn),1991,659779.0
Peru,Maize (corn),1992,519965.0
Peru,Maize (corn),1993,772382.0
Peru,Maize (corn),1994,725069.0
Peru,Maize (corn),1995,715188.0
Peru,Maize (corn),1996,1013192.0
Peru,Maize (corn),1997,833360.0
Peru,Maize (corn),1998,939079.0
Peru,Maize (corn),1999,1057020.0
Peru,Maize (corn),2000,1240969.0
Peru,Maize (corn),2001,1310920.0
Peru,Maize (corn),2002,1290862.0
Peru,Maize (corn),2003,1353812.0
Peru,Maize (corn),2004,1200047.0
Peru,Maize (corn),2005,1240780.0
Peru,Maize (corn),2006,1268975.0
Peru,Maize (corn),2007,1368244.0
Peru,Maize (corn),2008,1480896.0
Peru,Maize (corn),2009,1559745.0
Peru,Maize (corn),2010,1541195.0
Peru,Maize (corn),2011,1515774.0
Peru,Maize (corn),2012,1673873.64
Peru,Maize (corn),2013,1670470.0
Peru,Maize (corn),2014,1529636.0
Peru,Maize (corn),2015,1746428.0
Peru,Maize (corn),2016,1575955.17
Peru,Maize (corn),2017,1523469.0
Peru,Maize (corn),2018,1576752.0
Peru,Maize (corn),2019,1575955.0
Peru,Maize (corn),2020,1448383.0
Peru,Maize (corn),2021,1582556.54
Peru,Maize (corn),2022,1611950.53
Peru,Maize (corn),2023,1642766.07
Peru,Maize (corn),2024,1686076.72
Peru,Sorghum,1961,2060.0
Peru,Sorghum,1962,2180.0
Peru,Sorghum,1963,2100.0
Peru,Sorghum,1964,2140.0
Peru,Sorghum,1965,4016.0
Peru,Sorghum,1966,3408.0
Peru,Sorghum,1967,3512.0
Peru,Sorghum,1968,1593.0
Peru,Sorghum,1969,3062.0
Peru,Sorghum,1970,12217.0
Peru,Sorghum,1971,17663.0
Peru,Sorghum,1972,23472.0
Peru,Sorghum,1973,28073.0
Peru,Sorghum,1974,21700.0
Peru,Sorghum,1975,29402.0
Peru,Sorghum,1976,45945.0
Peru,Sorghum,1977,55213.0
Peru,Sorghum,1978,59008.0
Peru,Sorghum,1979,54663.0
Peru,Sorghum,1980,35870.0
Peru,Sorghum,1981,48009.0
Peru,Sorghum,1982,38726.0
Peru,Sorghum,1983,12695.0
Peru,Sorghum,1984,43784.0
Peru,Sorghum,1985,23115.0
Peru,Sorghum,1986,37919.0
Peru,Sorghum,1987,23818.0
Peru,Sorghum,1988,31823.0
Peru,Sorghum,1989,36798.0
Peru,Sorghum,1990,13018.0
Peru,Sorghum,1991,31413.0
Peru,Sorghum,1992,3594.0
Peru,Sorghum,1993,16576.0
Peru,Sorghum,1994,4201.0
Peru,Sorghum,1995,4170.0
Peru,Sorghum,1996,2908.0
Peru,Sorghum,1997,1327.0
Peru,Sorghum,1998,212.0
Peru,Sorghum,1999,219.0
Peru,Sorghum,2000,322.0
Peru,Sorghum,2001,38.0
Peru,Sorghum,2002,26.0
Peru,Sorghum,2003,175.0
Peru,Sorghum,2004,99.0
Peru,Sorghum,2005,77.0
Peru,Sorghum,2006,405.0
Peru,Sorghum,2007,53.0
Peru,Sorghum,2008,125.0
Peru,Sorghum,2009,153.0
Peru,Sorghum,2010,50.0
Peru,Sorghum,2011,94.0
Peru,Sorghum,2012,124.7
Peru,Sorghum,2013,148.87
Peru,Sorghum,2014,418.28
Peru,Sorghum,2015,157.0
Peru,Sorghum,2016,91.69
Peru,Sorghum,2017,164.0
Peru,Sorghum,2018,208.54
Peru,Sorghum,2019,91.69
Peru,Sorghum,2020,136.64
Peru,Sorghum,2021,119.8
Peru,Sorghum,2022,68.64
Peru,Sorghum,2023,176.0
Peru,Sorghum,2024,240.0
Peru,Sugar cane,1961,8100000.0
Peru,Sugar cane,1962,7950000.0
Peru,Sugar cane,1963,8285310.0
Peru,Sugar cane,1964,8100000.0
Peru,Sugar cane,1965,8000000.0
Peru,Sugar cane,1966,9002009.0
Peru,Sugar cane,1967,8433150.0
Peru,Sugar cane,1968,7737181.0
Peru,Sugar cane,1969,6898210.0
Peru,Sugar cane,1970,8067975.0
Peru,Sugar cane,1971,8777762.0
Peru,Sugar cane,1972,9098410.0
Peru,Sugar cane,1973,9261451.0
Peru,Sugar cane,1974,9668516.0
Peru,Sugar cane,1975,9439616.0
Peru,Sugar cane,1976,9227137.0
Peru,Sugar cane,1977,9293310.0
Peru,Sugar cane,1978,8422860.0
Peru,Sugar cane,1979,7505970.0
Peru,Sugar cane,1980,6054521.0
Peru,Sugar cane,1981,5653755.0
Peru,Sugar cane,1982,7115266.0
Peru,Sugar cane,1983,7062810.0
Peru,Sugar cane,1984,7721563.0
Peru,Sugar cane,1985,8063000.0
Peru,Sugar cane,1986,7010300.0
Peru,Sugar cane,1987,6811000.0
Peru,Sugar cane,1988,6700000.0
Peru,Sugar cane,1989,7085000.0
Peru,Sugar cane,1990,6700000.0
Peru,Sugar cane,1991,6500000.0
Peru,Sugar cane,1992,5500000.0
Peru,Sugar cane,1993,5000000.0
Peru,Sugar cane,1994,6100000.0
Peru,Sugar cane,1995,7000000.0
Peru,Sugar cane,1996,6700000.0
Peru,Sugar cane,1997,7500000.0
Peru,Sugar cane,1998,6300000.0
Peru,Sugar cane,1999,6678570.0
Peru,Sugar cane,2000,7535150.0
Peru,Sugar cane,2001,7795950.0
Peru,Sugar cane,2002,8869810.0
Peru,Sugar cane,2003,9363960.0
Peru,Sugar cane,2004,7496873.0
Peru,Sugar cane,2005,6804126.0
Peru,Sugar cane,2006,7251260.0
Peru,Sugar cane,2007,8228623.0
Peru,Sugar cane,2008,9395959.0
Peru,Sugar cane,2009,10786945.0
Peru,Sugar cane,2010,10729961.0
Peru,Sugar cane,2011,12322936.0
Peru,Sugar cane,2012,12559921.51
Peru,Sugar cane,2013,13689858.66
Peru,Sugar cane,2014,13775759.59
Peru,Sugar cane,2015,10211856.0
Peru,Sugar cane,2016,11884724.7
Peru,Sugar cane,2017,11127472.88
Peru,Sugar cane,2018,11715260.05
Peru,Sugar cane,2019,13468207.44
Peru,Sugar cane,2020,12846609.67
Peru,Sugar cane,2021,12344084.51
Peru,Sugar cane,2022,11968230.66
Peru,Sugar cane,2023,11919221.0
Peru,Sugar cane,2024,12038562.0
Peru,Wheat,1961,153595.0
Peru,Wheat,1962,152666.0
Peru,Wheat,1963,155500.0
Peru,Wheat,1964,143150.0
Peru,Wheat,1965,146720.0
Peru,Wheat,1966,145002.0
Peru,Wheat,1967,152180.0
Peru,Wheat,1968,112912.0
Peru,Wheat,1969,136703.0
Peru,Wheat,1970,125374.0
Peru,Wheat,1971,122225.0
Peru,Wheat,1972,120080.0
Peru,Wheat,1973,122635.0
Peru,Wheat,1974,127364.0
Peru,Wheat,1975,126324.0
Peru,Wheat,1976,127497.0
Peru,Wheat,1977,115385.0
Peru,Wheat,1978,104401.0
Peru,Wheat,1979,102060.0
Peru,Wheat,1980,77148.0
Peru,Wheat,1981,116678.0
Peru,Wheat,1982,102711.0
Peru,Wheat,1983,83720.0
Peru,Wheat,1984,87442.0
Peru,Wheat,1985,92303.0
Peru,Wheat,1986,121143.0
Peru,Wheat,1987,130690.0
Peru,Wheat,1988,152804.0
Peru,Wheat,1989,159305.0
Peru,Wheat,1990,88487.0
Peru,Wheat,1991,87275.0
Peru,Wheat,1992,93787.0
Peru,Wheat,1993,125595.0
Peru,Wheat,1994,127035.0
Peru,Wheat,1995,125048.0
Peru,Wheat,1996,146152.0
Peru,Wheat,1997,123689.0
Peru,Wheat,1998,146640.0
Peru,Wheat,1999,169613.0
Peru,Wheat,2000,187746.0
Peru,Wheat,2001,181805.0
Peru,Wheat,2002,186853.0
Peru,Wheat,2003,190453.0
Peru,Wheat,2004,170411.0
Peru,Wheat,2005,178460.0
Peru,Wheat,2006,191082.0
Peru,Wheat,2007,181552.0
Peru,Wheat,2008,206936.0
Peru,Wheat,2009,226265.0
Peru,Wheat,2010,219454.0
Peru,Wheat,2011,214140.0
Peru,Wheat,2012,226218.46
Peru,Wheat,2013,230105.0
Peru,Wheat,2014,218904.0
Peru,Wheat,2015,214849.0
Peru,Wheat,2016,188468.76
Peru,Wheat,2017,192099.0
Peru,Wheat,2018,195245.82
Peru,Wheat,2019,188468.76
Peru,Wheat,2020,186835.0
Peru,Wheat,2021,203072.79
Peru,Wheat,2022,212403.98
Peru,Wheat,2023,194004.08
Peru,Wheat,2024,203522.44
Puerto Rico,Maize (corn),1961,15082.0
Puerto Rico,Maize (corn),1962,9149.0
Puerto Rico,Maize (corn),1963,9149.0
Puerto Rico,Maize (corn),1964,12927.0
Puerto Rico,Maize (corn),1965,12927.0
Puerto Rico,Maize (corn),1966,9639.0
Puerto Rico,Maize (corn),1967,7938.0
Puerto Rico,Maize (corn),1968,3175.0
Puerto Rico,Maize (corn),1969,3629.0
Puerto Rico,Maize (corn),1970,1361.0
Puerto Rico,Maize (corn),1971,1134.0
Puerto Rico,Maize (corn),1972,1089.0
Puerto Rico,Maize (corn),1973,503.0
Puerto Rico,Maize (corn),1974,454.0
Puerto Rico,Maize (corn),1975,454.0
Puerto Rico,Maize (corn),1976,227.0
Puerto Rico,Maize (corn),1977,227.0
Puerto Rico,Maize (corn),1978,215.0
Puerto Rico,Maize (corn),1979,205.0
Puerto Rico,Maize (corn),1980,150.0
Puerto Rico,Maize (corn),1981,125.0
Puerto Rico,Maize (corn),1982,80.0
Puerto Rico,Maize (corn),1983,100.0
Puerto Rico,Maize (corn),1984,100.0
Puerto Rico,Maize (corn),1985,150.0
Puerto Rico,Maize (corn),1986,180.0
Puerto Rico,Maize (corn),1987,700.0
Puerto Rico,Maize (corn),1988,310.0
Puerto Rico,Maize (corn),1989,620.0
Puerto Rico,Maize (corn),1990,540.0
Puerto Rico,Maize (corn),1991,500.0
Puerto Rico,Maize (corn),1992,460.0
Puerto Rico,Maize (corn),1993,428.0
Puerto Rico,Maize (corn),1994,473.24
Puerto Rico,Maize (corn),1995,528.66
Puerto Rico,Maize (corn),1996,572.02
Puerto Rico,Maize (corn),1997,616.09
Puerto Rico,Maize (corn),1998,1012.0
Puerto Rico,Maize (corn),1999,666.63
Puerto Rico,Maize (corn),2000,662.15
Puerto Rico,Maize (corn),2001,651.4
Puerto Rico,Maize (corn),2002,637.52
Puerto Rico,Maize (corn),2003,516.97
Puerto Rico,Maize (corn),2004,473.86
Puerto Rico,Maize (corn),2005,428.49
Puerto Rico,Maize (corn),2006,381.22
Puerto Rico,Maize (corn),2007,296.29
Puerto Rico,Maize (corn),2008,257.85
Puerto Rico,Maize (corn),2009,221.56
Puerto Rico,Maize (corn),2010,188.19
Puerto Rico,Maize (corn),2011,158.78
Puerto Rico,Maize (corn),2012,11.0
Puerto Rico,Maize (corn),2013,119.99
Puerto Rico,Maize (corn),2014,10.02
Puerto Rico,Maize (corn),2015,13.24
Puerto Rico,Maize (corn),2016,16.57
Puerto Rico,Maize (corn),2017,18.33
Puerto Rico,Maize (corn),2018,20.0
Puerto Rico,Maize (corn),2019,72.81
Puerto Rico,Maize (corn),2020,145.89
Puerto Rico,Maize (corn),2021,215.01
Puerto Rico,Maize (corn),2022,385.0
Puerto Rico,Maize (corn),2023,341.07
Puerto Rico,Maize (corn),2024,232.87
Puerto Rico,Sugar cane,1961,9755814.0
Puerto Rico,Sugar cane,1962,8766321.0
Puerto Rico,Sugar cane,1963,9182948.0
Puerto Rico,Sugar cane,1964,8892382.0
Puerto Rico,Sugar cane,1965,7989509.0
Puerto Rico,Sugar cane,1966,8586459.0
Puerto Rico,Sugar cane,1967,7402766.0
Puerto Rico,Sugar cane,1968,5978585.0
Puerto Rico,Sugar cane,1969,5349640.0
Puerto Rico,Sugar cane,1970,5343975.0
Puerto Rico,Sugar cane,1971,4156717.0
Puerto Rico,Sugar cane,1972,3975280.0
Puerto Rico,Sugar cane,1973,3284913.0
Puerto Rico,Sugar cane,1974,3252456.0
Puerto Rico,Sugar cane,1975,3204904.0
Puerto Rico,Sugar cane,1976,3293122.0
Puerto Rico,Sugar cane,1977,2881813.0
Puerto Rico,Sugar cane,1978,2572335.0
Puerto Rico,Sugar cane,1979,2075935.0
Puerto Rico,Sugar cane,1980,2028224.0
Puerto Rico,Sugar cane,1981,1848830.0
Puerto Rico,Sugar cane,1982,1432690.0
Puerto Rico,Sugar cane,1983,1286950.0
Puerto Rico,Sugar cane,1984,1097276.0
Puerto Rico,Sugar cane,1985,1152790.0
Puerto Rico,Sugar cane,1986,1046140.0
Puerto Rico,Sugar cane,1987,1096906.0
Puerto Rico,Sugar cane,1988,1261216.0
Puerto Rico,Sugar cane,1989,1103522.0
Puerto Rico,Sugar cane,1990,782840.0
Puerto Rico,Sugar cane,1991,843061.0
Puerto Rico,Sugar cane,1992,731763.0
Puerto Rico,Sugar cane,1993,840130.0
Puerto Rico,Sugar cane,1994,570026.0
Puerto Rico,Sugar cane,1995,504248.0
Puerto Rico,Sugar cane,1996,404553.0
Puerto Rico,Sugar cane,1997,307358.0
Puerto Rico,Sugar cane,1998,244400.0
Puerto Rico,Sugar cane,1999,70000.0
Puerto Rico,Sugar cane,2000,64000.0
Puerto Rico,Sugar cane,2001,17000.0
Puerto Rico,Sugar cane,2002,40000.0
Puerto Rico,Sugar cane,2003,
Puerto Rico,Sugar cane,2004,
Puerto Rico,Sugar cane,2005,
Puerto Rico,Sugar cane,2006,
Puerto Rico,Sugar cane,2007,
Puerto Rico,Sugar cane,2008,
Puerto Rico,Sugar cane,2009,
Puerto Rico,Sugar cane,2010,
Puerto Rico,Sugar cane,2011,
Puerto Rico,Sugar cane,2012,
Puerto Rico,Sugar cane,2013,
Puerto Rico,Sugar cane,2014,
Puerto Rico,Sugar cane,2015,
Puerto Rico,Sugar cane,2016,
Puerto Rico,Sugar cane,2017,
Puerto Rico,Sugar cane,2018,
Puerto Rico,Sugar cane,2019,
Puerto Rico,Sugar cane,2020,
Puerto Rico,Sugar cane,2021,
Puerto Rico,Sugar cane,2022,
Puerto Rico,Sugar cane,2023,
Puerto Rico,Sugar cane,2024,
Saint Kitts and Nevis,Sugar cane,1961,419595.0
Saint Kitts and Nevis,Sugar cane,1962,395628.0
Saint Kitts and Nevis,Sugar cane,1963,356286.0
Saint Kitts and Nevis,Sugar cane,1964,383554.0
Saint Kitts and Nevis,Sugar cane,1965,347663.0
Saint Kitts and Nevis,Sugar cane,1966,353926.0
Saint Kitts and Nevis,Sugar cane,1967,333040.0
Saint Kitts and Nevis,Sugar cane,1968,326136.0
Saint Kitts and Nevis,Sugar cane,1969,246888.0
Saint Kitts and Nevis,Sugar cane,1970,331216.0
Saint Kitts and Nevis,Sugar cane,1971,276352.0
Saint Kitts and Nevis,Sugar cane,1972,248932.0
Saint Kitts and Nevis,Sugar cane,1973,214376.0
Saint Kitts and Nevis,Sugar cane,1974,220472.0
Saint Kitts and Nevis,Sugar cane,1975,219456.0
Saint Kitts and Nevis,Sugar cane,1976,326136.0
Saint Kitts and Nevis,Sugar cane,1977,352000.0
Saint Kitts and Nevis,Sugar cane,1978,362000.0
Saint Kitts and Nevis,Sugar cane,1979,384000.0
Saint Kitts and Nevis,Sugar cane,1980,352000.0
Saint Kitts and Nevis,Sugar cane,1981,337500.0
Saint Kitts and Nevis,Sugar cane,1982,349600.0
Saint Kitts and Nevis,Sugar cane,1983,276200.0
Saint Kitts and Nevis,Sugar cane,1984,298315.0
Saint Kitts and Nevis,Sugar cane,1985,263098.0
Saint Kitts and Nevis,Sugar cane,1986,260370.0
Saint Kitts and Nevis,Sugar cane,1987,258660.0
Saint Kitts and Nevis,Sugar cane,1988,270830.0
Saint Kitts and Nevis,Sugar cane,1989,252300.0
Saint Kitts and Nevis,Sugar cane,1990,170000.0
Saint Kitts and Nevis,Sugar cane,1991,200000.0
Saint Kitts and Nevis,Sugar cane,1992,280000.0
Saint Kitts and Nevis,Sugar cane,1993,218000.0
Saint Kitts and Nevis,Sugar cane,1994,180494.0
Saint Kitts and Nevis,Sugar cane,1995,183170.0
Saint Kitts and Nevis,Sugar cane,1996,207000.0
Saint Kitts and Nevis,Sugar cane,1997,310064.0
Saint Kitts and Nevis,Sugar cane,1998,244398.0
Saint Kitts and Nevis,Sugar cane,1999,196784.0
Saint Kitts and Nevis,Sugar cane,2000,191387.0
Saint Kitts and Nevis,Sugar cane,2001,191400.0
Saint Kitts and Nevis,Sugar cane,2002,193000.0
Saint Kitts and Nevis,Sugar cane,2003,193000.0
Saint Kitts and Nevis,Sugar cane,2004,260000.0
Saint Kitts and Nevis,Sugar cane,2005,100000.0
Saint Kitts and Nevis,Sugar cane,2006,0.0
Saint Kitts and Nevis,Sugar cane,2007,
Saint Kitts and Nevis,Sugar cane,2008,
Saint Kitts and Nevis,Sugar cane,2009,
Saint Kitts and Nevis,Sugar cane,2010,
Saint Kitts and Nevis,Sugar cane,2011,
Saint Kitts and Nevis,Sugar cane,2012,
Saint Kitts and Nevis,Sugar cane,2013,
Saint Kitts and Nevis,Sugar cane,2014,
Saint Kitts and Nevis,Sugar cane,2015,
Saint Kitts and Nevis,Sugar cane,2016,
Saint Kitts and Nevis,Sugar cane,2017,
Saint Kitts and Nevis,Sugar cane,2018,
Saint Kitts and Nevis,Sugar cane,2019,
Saint Kitts and Nevis,Sugar cane,2020,
Saint Kitts and Nevis,Sugar cane,2021,
Saint Kitts and Nevis,Sugar cane,2022,
Saint Kitts and Nevis,Sugar cane,2023,
Saint Kitts and Nevis,Sugar cane,2024,
Saint Lucia,Maize (corn),1961,50.0
Saint Lucia,Maize (corn),1962,50.0
Saint Lucia,Maize (corn),1963,30.0
Saint Lucia,Maize (corn),1964,18.0
Saint Lucia,Maize (corn),1965,20.0
Saint Lucia,Maize (corn),1966,30.0
Saint Lucia,Maize (corn),1967,30.0
Saint Lucia,Maize (corn),1968,25.0
Saint Lucia,Maize (corn),1969,25.0
Saint Lucia,Maize (corn),1970,21.0
Saint Lucia,Maize (corn),1971,25.0
Saint Lucia,Maize (corn),1972,30.0
Saint Lucia,Maize (corn),1973,31.0
Saint Lucia,Maize (corn),1974,35.0
Saint Lucia,Maize (corn),1975,35.0
Saint Lucia,Maize (corn),1976,35.0
Saint Lucia,Maize (corn),1977,35.0
Saint Lucia,Maize (corn),1978,35.0
Saint Lucia,Maize (corn),1979,35.0
Saint Lucia,Maize (corn),1980,0.0
Saint Lucia,Maize (corn),1981,
Saint Lucia,Maize (corn),1982,
Saint Lucia,Maize (corn),1983,
Saint Lucia,Maize (corn),1984,
Saint Lucia,Maize (corn),1985,
Saint Lucia,Maize (corn),1986,
Saint Lucia,Maize (corn),1987,
Saint Lucia,Maize (corn),1988,
Saint Lucia,Maize (corn),1989,
Saint Lucia,Maize (corn),1990,
Saint Lucia,Maize (corn),1991,
Saint Lucia,Maize (corn),1992,
Saint Lucia,Maize (corn),1993,
Saint Lucia,Maize (corn),1994,
Saint Lucia,Maize (corn),1995,
Saint Lucia,Maize (corn),1996,
Saint Lucia,Maize (corn),1997,
Saint Lucia,Maize (corn),1998,
Saint Lucia,Maize (corn),1999,
Saint Lucia,Maize (corn),2000,
Saint Lucia,Maize (corn),2001,
Saint Lucia,Maize (corn),2002,
Saint Lucia,Maize (corn),2003,
Saint Lucia,Maize (corn),2004,
Saint Lucia,Maize (corn),2005,
Saint Lucia,Maize (corn),2006,
Saint Lucia,Maize (corn),2007,
Saint Lucia,Maize (corn),2008,
Saint Lucia,Maize (corn),2009,
Saint Lucia,Maize (corn),2010,
Saint Lucia,Maize (corn),2011,
Saint Lucia,Maize (corn),2012,
Saint Lucia,Maize (corn),2013,
Saint Lucia,Maize (corn),2014,
Saint Lucia,Maize (corn),2015,
Saint Lucia,Maize (corn),2016,
Saint Lucia,Maize (corn),2017,
Saint Lucia,Maize (corn),2018,
Saint Lucia,Maize (corn),2019,
Saint Lucia,Maize (corn),2020,
Saint Lucia,Maize (corn),2021,
Saint Lucia,Maize (corn),2022,
Saint Lucia,Maize (corn),2023,
Saint Lucia,Maize (corn),2024,
Saint Lucia,Sugar cane,1961,66700.0
Saint Lucia,Sugar cane,1962,44500.0
Saint Lucia,Sugar cane,1963,33000.0
Saint Lucia,Sugar cane,1964,10000.0
Saint Lucia,Sugar cane,1965,10000.0
Saint Lucia,Sugar cane,1966,0.0
Saint Lucia,Sugar cane,1967,
Saint Lucia,Sugar cane,1968,
Saint Lucia,Sugar cane,1969,
Saint Lucia,Sugar cane,1970,
Saint Lucia,Sugar cane,1971,
Saint Lucia,Sugar cane,1972,
Saint Lucia,Sugar cane,1973,
Saint Lucia,Sugar cane,1974,
Saint Lucia,Sugar cane,1975,
Saint Lucia,Sugar cane,1976,
Saint Lucia,Sugar cane,1977,
Saint Lucia,Sugar cane,1978,
Saint Lucia,Sugar cane,1979,
Saint Lucia,Sugar cane,1980,
Saint Lucia,Sugar cane,1981,
Saint Lucia,Sugar cane,1982,
Saint Lucia,Sugar cane,1983,
Saint Lucia,Sugar cane,1984,
Saint Lucia,Sugar cane,1985,
Saint Lucia,Sugar cane,1986,
Saint Lucia,Sugar cane,1987,
Saint Lucia,Sugar cane,1988,
Saint Lucia,Sugar cane,1989,
Saint Lucia,Sugar cane,1990,
Saint Lucia,Sugar cane,1991,
Saint Lucia,Sugar cane,1992,
Saint Lucia,Sugar cane,1993,
Saint Lucia,Sugar cane,1994,
Saint Lucia,Sugar cane,1995,
Saint Lucia,Sugar cane,1996,
Saint Lucia,Sugar cane,1997,
Saint Lucia,Sugar cane,1998,
Saint Lucia,Sugar cane,1999,
Saint Lucia,Sugar cane,2000,
Saint Lucia,Sugar cane,2001,
Saint Lucia,Sugar cane,2002,
Saint Lucia,Sugar cane,2003,
Saint Lucia,Sugar cane,2004,
Saint Lucia,Sugar cane,2005,
Saint Lucia,Sugar cane,2006,
Saint Lucia,Sugar cane,2007,
Saint Lucia,Sugar cane,2008,
Saint Lucia,Sugar cane,2009,
Saint Lucia,Sugar cane,2010,
Saint Lucia,Sugar cane,2011,
Saint Lucia,Sugar cane,2012,
Saint Lucia,Sugar cane,2013,
Saint Lucia,Sugar cane,2014,
Saint Lucia,Sugar cane,2015,
Saint Lucia,Sugar cane,2016,
Saint Lucia,Sugar cane,2017,
Saint Lucia,Sugar cane,2018,
Saint Lucia,Sugar cane,2019,
Saint Lucia,Sugar cane,2020,
Saint Lucia,Sugar cane,2021,
Saint Lucia,Sugar cane,2022,
Saint Lucia,Sugar cane,2023,
Saint Lucia,Sugar cane,2024,
Saint Vincent and the Grenadines,Maize (corn),1961,400.0
Saint Vincent and the Grenadines,Maize (corn),1962,400.0
Saint Vincent and the Grenadines,Maize (corn),1963,400.0
Saint Vincent and the Grenadines,Maize (corn),1964,400.0
Saint Vincent and the Grenadines,Maize (corn),1965,400.0
Saint Vincent and the Grenadines,Maize (corn),1966,420.0
Saint Vincent and the Grenadines,Maize (corn),1967,420.0
Saint Vincent and the Grenadines,Maize (corn),1968,430.0
Saint Vincent and the Grenadines,Maize (corn),1969,430.0
Saint Vincent and the Grenadines,Maize (corn),1970,430.0
Saint Vincent and the Grenadines,Maize (corn),1971,440.0
Saint Vincent and the Grenadines,Maize (corn),1972,450.0
Saint Vincent and the Grenadines,Maize (corn),1973,440.0
Saint Vincent and the Grenadines,Maize (corn),1974,440.0
Saint Vincent and the Grenadines,Maize (corn),1975,450.0
Saint Vincent and the Grenadines,Maize (corn),1976,450.0
Saint Vincent and the Grenadines,Maize (corn),1977,450.0
Saint Vincent and the Grenadines,Maize (corn),1978,470.0
Saint Vincent and the Grenadines,Maize (corn),1979,500.0
Saint Vincent and the Grenadines,Maize (corn),1980,530.0
Saint Vincent and the Grenadines,Maize (corn),1981,550.0
Saint Vincent and the Grenadines,Maize (corn),1982,600.0
Saint Vincent and the Grenadines,Maize (corn),1983,620.0
Saint Vincent and the Grenadines,Maize (corn),1984,630.0
Saint Vincent and the Grenadines,Maize (corn),1985,660.0
Saint Vincent and the Grenadines,Maize (corn),1986,750.0
Saint Vincent and the Grenadines,Maize (corn),1987,1000.0
Saint Vincent and the Grenadines,Maize (corn),1988,1500.0
Saint Vincent and the Grenadines,Maize (corn),1989,2000.0
Saint Vincent and the Grenadines,Maize (corn),1990,2500.0
Saint Vincent and the Grenadines,Maize (corn),1991,2000.0
Saint Vincent and the Grenadines,Maize (corn),1992,1660.54
Saint Vincent and the Grenadines,Maize (corn),1993,1541.85
Saint Vincent and the Grenadines,Maize (corn),1994,1429.92
Saint Vincent and the Grenadines,Maize (corn),1995,1318.27
Saint Vincent and the Grenadines,Maize (corn),1996,1000.0
Saint Vincent and the Grenadines,Maize (corn),1997,1323.06
Saint Vincent and the Grenadines,Maize (corn),1998,2000.0
Saint Vincent and the Grenadines,Maize (corn),1999,750.0
Saint Vincent and the Grenadines,Maize (corn),2000,600.0
Saint Vincent and the Grenadines,Maize (corn),2001,500.0
Saint Vincent and the Grenadines,Maize (corn),2002,520.0
Saint Vincent and the Grenadines,Maize (corn),2003,593.0
Saint Vincent and the Grenadines,Maize (corn),2004,650.0
Saint Vincent and the Grenadines,Maize (corn),2005,620.0
Saint Vincent and the Grenadines,Maize (corn),2006,950.0
Saint Vincent and the Grenadines,Maize (corn),2007,670.0
Saint Vincent and the Grenadines,Maize (corn),2008,700.0
Saint Vincent and the Grenadines,Maize (corn),2009,670.0
Saint Vincent and the Grenadines,Maize (corn),2010,582.0
Saint Vincent and the Grenadines,Maize (corn),2011,691.0
Saint Vincent and the Grenadines,Maize (corn),2012,854.0
Saint Vincent and the Grenadines,Maize (corn),2013,575.0
Saint Vincent and the Grenadines,Maize (corn),2014,857.0
Saint Vincent and the Grenadines,Maize (corn),2015,775.0
Saint Vincent and the Grenadines,Maize (corn),2016,866.0
Saint Vincent and the Grenadines,Maize (corn),2017,1129.0
Saint Vincent and the Grenadines,Maize (corn),2018,1030.0
Saint Vincent and the Grenadines,Maize (corn),2019,900.0
Saint Vincent and the Grenadines,Maize (corn),2020,848.0
Saint Vincent and the Grenadines,Maize (corn),2021,796.0
Saint Vincent and the Grenadines,Maize (corn),2022,640.0
Saint Vincent and the Grenadines,Maize (corn),2023,633.0
Saint Vincent and the Grenadines,Maize (corn),2024,427.0
Saint Vincent and the Grenadines,Sugar cane,1961,34395.0
Saint Vincent and the Grenadines,Sugar cane,1962,36079.0
Saint Vincent and the Grenadines,Sugar cane,1963,0.0
Saint Vincent and the Grenadines,Sugar cane,1964,0.0
Saint Vincent and the Grenadines,Sugar cane,1965,0.0
Saint Vincent and the Grenadines,Sugar cane,1966,0.0
Saint Vincent and the Grenadines,Sugar cane,1967,0.0
Saint Vincent and the Grenadines,Sugar cane,1968,0.0
Saint Vincent and the Grenadines,Sugar cane,1969,0.0
Saint Vincent and the Grenadines,Sugar cane,1970,0.0
Saint Vincent and the Grenadines,Sugar cane,1971,0.0
Saint Vincent and the Grenadines,Sugar cane,1972,0.0
Saint Vincent and the Grenadines,Sugar cane,1973,0.0
Saint Vincent and the Grenadines,Sugar cane,1974,0.0
Saint Vincent and the Grenadines,Sugar cane,1975,0.0
Saint Vincent and the Grenadines,Sugar cane,1976,0.0
Saint Vincent and the Grenadines,Sugar cane,1977,0.0
Saint Vincent and the Grenadines,Sugar cane,1978,0.0
Saint Vincent and the Grenadines,Sugar cane,1979,10000.0
Saint Vincent and the Grenadines,Sugar cane,1980,11250.0
Saint Vincent and the Grenadines,Sugar cane,1981,30000.0
Saint Vincent and the Grenadines,Sugar cane,1982,30035.0
Saint Vincent and the Grenadines,Sugar cane,1983,33610.0
Saint Vincent and the Grenadines,Sugar cane,1984,35260.0
Saint Vincent and the Grenadines,Sugar cane,1985,30000.0
Saint Vincent and the Grenadines,Sugar cane,1986,27000.0
Saint Vincent and the Grenadines,Sugar cane,1987,25000.0
Saint Vincent and the Grenadines,Sugar cane,1988,25000.0
Saint Vincent and the Grenadines,Sugar cane,1989,25000.0
Saint Vincent and the Grenadines,Sugar cane,1990,24000.0
Suriname,Maize (corn),1961,1225.0
Suriname,Maize (corn),1962,1173.0
Suriname,Maize (corn),1963,764.0
Suriname,Maize (corn),1964,1382.0
Suriname,Maize (corn),1965,720.0
Suriname,Maize (corn),1966,415.0
Suriname,Maize (corn),1967,476.0
Suriname,Maize (corn),1968,625.0
Suriname,Maize (corn),1969,405.0
Suriname,Maize (corn),1970,192.0
Suriname,Maize (corn),1971,319.0
Suriname,Maize (corn),1972,350.0
Suriname,Maize (corn),1973,251.0
Suriname,Maize (corn),1974,193.0
Suriname,Maize (corn),1975,270.0
Suriname,Maize (corn),1976,132.0
Suriname,Maize (corn),1977,230.0
Suriname,Maize (corn),1978,273.0
Suriname,Maize (corn),1979,264.0
Suriname,Maize (corn),1980,290.0
Suriname,Maize (corn),1981,410.0
Suriname,Maize (corn),1982,210.0
Suriname,Maize (corn),1983,165.0
Suriname,Maize (corn),1984,375.0
Suriname,Maize (corn),1985,249.0
Suriname,Maize (corn),1986,204.0
Suriname,Maize (corn),1987,225.0
Suriname,Maize (corn),1988,241.0
Suriname,Maize (corn),1989,186.0
Suriname,Maize (corn),1990,274.0
Suriname,Maize (corn),1991,185.0
Suriname,Maize (corn),1992,159.0
Suriname,Maize (corn),1993,349.0
Suriname,Maize (corn),1994,336.0
Suriname,Maize (corn),1995,318.0
Suriname,Maize (corn),1996,167.0
Suriname,Maize (corn),1997,137.0
Suriname,Maize (corn),1998,110.0
Suriname,Maize (corn),1999,33.0
Suriname,Maize (corn),2000,40.0
Suriname,Maize (corn),2001,70.0
Suriname,Maize (corn),2002,61.0
Suriname,Maize (corn),2003,65.0
Suriname,Maize (corn),2004,73.0
Suriname,Maize (corn),2005,35.0
Suriname,Maize (corn),2006,46.0
Suriname,Maize (corn),2007,49.0
Suriname,Maize (corn),2008,27.0
Suriname,Maize (corn),2009,24.0
Suriname,Maize (corn),2010,35.0
Suriname,Maize (corn),2011,32.0
Suriname,Maize (corn),2012,29.0
Suriname,Maize (corn),2013,47.0
Suriname,Maize (corn),2014,87.0
Suriname,Maize (corn),2015,82.0
Suriname,Maize (corn),2016,89.0
Suriname,Maize (corn),2017,86.0
Suriname,Maize (corn),2018,85.0
Suriname,Maize (corn),2019,142.0
Suriname,Maize (corn),2020,38.0
Suriname,Maize (corn),2021,27.0
Suriname,Maize (corn),2022,29.0
Suriname,Maize (corn),2023,105.0
Suriname,Maize (corn),2024,111.2
Suriname,Sugar cane,1961,138782.0
Suriname,Sugar cane,1962,153982.0
Suriname,Sugar cane,1963,186641.0
Suriname,Sugar cane,1964,153471.0
Suriname,Sugar cane,1965,241167.0
Suriname,Sugar cane,1966,250677.0
Suriname,Sugar cane,1967,240704.0
Suriname,Sugar cane,1968,230000.0
Suriname,Sugar cane,1969,220000.0
Suriname,Sugar cane,1970,225000.0
Suriname,Sugar cane,1971,195000.0
Suriname,Sugar cane,1972,210000.0
Suriname,Sugar cane,1973,159700.0
Suriname,Sugar cane,1974,146417.0
Suriname,Sugar cane,1975,159543.0
Suriname,Sugar cane,1976,146700.0
Suriname,Sugar cane,1977,135325.0
Suriname,Sugar cane,1978,119760.0
Suriname,Sugar cane,1979,164060.0
Suriname,Sugar cane,1980,146339.0
Suriname,Sugar cane,1981,146327.0
Suriname,Sugar cane,1982,125391.0
Suriname,Sugar cane,1983,128823.0
Suriname,Sugar cane,1984,130625.0
Suriname,Sugar cane,1985,118225.0
Suriname,Sugar cane,1986,110967.0
Suriname,Sugar cane,1987,48786.0
Suriname,Sugar cane,1988,50000.0
Suriname,Sugar cane,1989,65000.0
Suriname,Sugar cane,1990,65000.0
Suriname,Sugar cane,1991,70000.0
Suriname,Sugar cane,1992,70000.0
Suriname,Sugar cane,1993,70000.0
Suriname,Sugar cane,1994,90000.0
Suriname,Sugar cane,1995,120000.0
Suriname,Sugar cane,1996,90000.0
Suriname,Sugar cane,1997,120000.0
Suriname,Sugar cane,1998,70000.0
Suriname,Sugar cane,1999,90000.0
Suriname,Sugar cane,2000,120000.0
Suriname,Sugar cane,2001,120000.0
Suriname,Sugar cane,2002,120000.0
Suriname,Sugar cane,2003,70000.0
Suriname,Sugar cane,2004,70000.0
Suriname,Sugar cane,2005,70000.0
Suriname,Sugar cane,2006,120000.0
Suriname,Sugar cane,2007,120000.0
Suriname,Sugar cane,2008,120100.0
Suriname,Sugar cane,2009,120100.0
Suriname,Sugar cane,2010,120000.0
Suriname,Sugar cane,2011,120000.0
Suriname,Sugar cane,2012,120100.0
Suriname,Sugar cane,2013,120100.0
Suriname,Sugar cane,2014,120000.0
Suriname,Sugar cane,2015,120478.59
Suriname,Sugar cane,2016,122360.7
Suriname,Sugar cane,2017,109308.42
Suriname,Sugar cane,2018,100599.86
Suriname,Sugar cane,2019,80000.0
Suriname,Sugar cane,2020,75000.0
Suriname,Sugar cane,2021,90651.23
Suriname,Sugar cane,2022,97419.78
Suriname,Sugar cane,2023,92412.25
Suriname,Sugar cane,2024,91128.45
Trinidad and Tobago,Maize (corn),1961,2400.0
Trinidad and Tobago,Maize (corn),1962,2700.0
Trinidad and Tobago,Maize (corn),1963,2800.0
Trinidad and Tobago,Maize (corn),1964,2800.0
Trinidad and Tobago,Maize (corn),1965,2000.0
Trinidad and Tobago,Maize (corn),1966,2000.0
Trinidad and Tobago,Maize (corn),1967,2000.0
Trinidad and Tobago,Maize (corn),1968,2000.0
Trinidad and Tobago,Maize (corn),1969,1323.0
Trinidad and Tobago,Maize (corn),1970,1584.0
Trinidad and Tobago,Maize (corn),1971,3620.0
Trinidad and Tobago,Maize (corn),1972,3731.0
Trinidad and Tobago,Maize (corn),1973,3270.0
Trinidad and Tobago,Maize (corn),1974,4064.0
Trinidad and Tobago,Maize (corn),1975,4588.0
Trinidad and Tobago,Maize (corn),1976,4000.0
Trinidad and Tobago,Maize (corn),1977,3800.0
Trinidad and Tobago,Maize (corn),1978,3500.0
Trinidad and Tobago,Maize (corn),1979,3267.0
Trinidad and Tobago,Maize (corn),1980,3182.0
Trinidad and Tobago,Maize (corn),1981,3148.0
Trinidad and Tobago,Maize (corn),1982,3011.0
Trinidad and Tobago,Maize (corn),1983,2909.0
Trinidad and Tobago,Maize (corn),1984,3000.0
Trinidad and Tobago,Maize (corn),1985,3000.0
Trinidad and Tobago,Maize (corn),1986,3000.0
Trinidad and Tobago,Maize (corn),1987,3000.0
Trinidad and Tobago,Maize (corn),1988,3000.0
Trinidad and Tobago,Maize (corn),1989,3000.0
Trinidad and Tobago,Maize (corn),1990,3381.0
Trinidad and Tobago,Maize (corn),1991,3100.0
Trinidad and Tobago,Maize (corn),1992,3500.0
Trinidad and Tobago,Maize (corn),1993,5000.0
Trinidad and Tobago,Maize (corn),1994,4798.6
Trinidad and Tobago,Maize (corn),1995,4411.47
Trinidad and Tobago,Maize (corn),1996,4387.21
Trinidad and Tobago,Maize (corn),1997,4830.9
Trinidad and Tobago,Maize (corn),1998,4540.0
Trinidad and Tobago,Maize (corn),1999,1000.0
Trinidad and Tobago,Maize (corn),2000,975.0
Trinidad and Tobago,Maize (corn),2001,1811.0
Trinidad and Tobago,Maize (corn),2002,3296.0
Trinidad and Tobago,Maize (corn),2003,2955.0
Trinidad and Tobago,Maize (corn),2004,0.0
Trinidad and Tobago,Maize (corn),2005,0.0
Trinidad and Tobago,Maize (corn),2006,0.0
Trinidad and Tobago,Maize (corn),2007,0.0
Trinidad and Tobago,Maize (corn),2008,0.0
Trinidad and Tobago,Maize (corn),2009,0.0
Trinidad and Tobago,Maize (corn),2010,0.0
Trinidad and Tobago,Maize (corn),2011,0.0
Trinidad and Tobago,Maize (corn),2012,0.0
Trinidad and Tobago,Maize (corn),2013,0.0
Trinidad and Tobago,Maize (corn),2014,0.0
Trinidad and Tobago,Maize (corn),2015,0.0
Trinidad and Tobago,Maize (corn),2016,0.0
Trinidad and Tobago,Maize (corn),2017,0.0
Trinidad and Tobago,Maize (corn),2018,0.0
Trinidad and Tobago,Maize (corn),2019,0.0
Trinidad and Tobago,Maize (corn),2020,0.0
Trinidad and Tobago,Maize (corn),2021,0.0
Trinidad and Tobago,Maize (corn),2022,0.0
Trinidad and Tobago,Maize (corn),2023,0.0
Trinidad and Tobago,Maize (corn),2024,0.0
Trinidad and Tobago,Sugar cane,1961,2517954.0
Trinidad and Tobago,Sugar cane,1962,2136204.0
Trinidad and Tobago,Sugar cane,1963,2417149.0
Trinidad and Tobago,Sugar cane,1964,2294827.0
Trinidad and Tobago,Sugar cane,1965,2544069.0
Trinidad and Tobago,Sugar cane,1966,2321459.0
Trinidad and Tobago,Sugar cane,1967,2185100.0
Trinidad and Tobago,Sugar cane,1968,2469489.0
Trinidad and Tobago,Sugar cane,1969,2484096.0
Trinidad and Tobago,Sugar cane,1970,2610173.0
Trinidad and Tobago,Sugar cane,1971,2349221.0
Trinidad and Tobago,Sugar cane,1972,2576383.0
Trinidad and Tobago,Sugar cane,1973,2006200.0
Trinidad and Tobago,Sugar cane,1974,1974546.0
Trinidad and Tobago,Sugar cane,1975,1737225.0
Trinidad and Tobago,Sugar cane,1976,2321380.0
Trinidad and Tobago,Sugar cane,1977,1891000.0
Trinidad and Tobago,Sugar cane,1978,1550000.0
Trinidad and Tobago,Sugar cane,1979,1682551.0
Trinidad and Tobago,Sugar cane,1980,1709551.0
Trinidad and Tobago,Sugar cane,1981,1289521.0
Trinidad and Tobago,Sugar cane,1982,1220009.0
Trinidad and Tobago,Sugar cane,1983,1005900.0
Trinidad and Tobago,Sugar cane,1984,879200.0
Trinidad and Tobago,Sugar cane,1985,1029800.0
Trinidad and Tobago,Sugar cane,1986,1165300.0
Trinidad and Tobago,Sugar cane,1987,1104365.0
Trinidad and Tobago,Sugar cane,1988,1244430.0
Trinidad and Tobago,Sugar cane,1989,1224402.0
Trinidad and Tobago,Sugar cane,1990,1478413.0
Trinidad and Tobago,Sugar cane,1991,1300900.0
Trinidad and Tobago,Sugar cane,1992,1292300.0
Trinidad and Tobago,Sugar cane,1993,1210760.0
Trinidad and Tobago,Sugar cane,1994,1397780.0
Trinidad and Tobago,Sugar cane,1995,1326000.0
Trinidad and Tobago,Sugar cane,1996,1404080.0
Trinidad and Tobago,Sugar cane,1997,1417860.0
Trinidad and Tobago,Sugar cane,1998,1056855.0
Trinidad and Tobago,Sugar cane,1999,1254925.0
Trinidad and Tobago,Sugar cane,2000,1373346.0
Trinidad and Tobago,Sugar cane,2001,1029339.0
Trinidad and Tobago,Sugar cane,2002,1338934.0
Trinidad and Tobago,Sugar cane,2003,873855.0
Trinidad and Tobago,Sugar cane,2004,535000.0
Trinidad and Tobago,Sugar cane,2005,420000.0
Trinidad and Tobago,Sugar cane,2006,860000.0
Trinidad and Tobago,Sugar cane,2007,810000.0
Trinidad and Tobago,Sugar cane,2008,
Trinidad and Tobago,Sugar cane,2009,
Trinidad and Tobago,Sugar cane,2010,
Trinidad and Tobago,Sugar cane,2011,
Trinidad and Tobago,Sugar cane,2012,
Trinidad and Tobago,Sugar cane,2013,
Trinidad and Tobago,Sugar cane,2014,
Trinidad and Tobago,Sugar cane,2015,
Trinidad and Tobago,Sugar cane,2016,
Trinidad and Tobago,Sugar cane,2017,
Trinidad and Tobago,Sugar cane,2018,
Trinidad and Tobago,Sugar cane,2019,
Trinidad and Tobago,Sugar cane,2020,
Trinidad and Tobago,Sugar cane,2021,
Trinidad and Tobago,Sugar cane,2022,
Trinidad and Tobago,Sugar cane,2023,
Trinidad and Tobago,Sugar cane,2024,
United States of America,Maize (corn),1961,91388000.0
United States of America,Maize (corn),1962,91604000.0
United States of America,Maize (corn),1963,102093008.0
United States of America,Maize (corn),1964,88504000.0
United States of America,Maize (corn),1965,104216928.0
United States of America,Maize (corn),1966,105861408.0
United States of America,Maize (corn),1967,123458304.0
United States of America,Maize (corn),1968,113022816.0
United States of America,Maize (corn),1969,119055936.0
United States of America,Maize (corn),1970,105471120.0
United States of America,Maize (corn),1971,143420656.0
United States of America,Maize (corn),1972,141733312.0
United States of America,Maize (corn),1973,144041760.0
United States of America,Maize (corn),1974,119420320.0
United States of America,Maize (corn),1975,148361072.0
United States of America,Maize (corn),1976,159751184.0
United States of America,Maize (corn),1977,165234544.0
United States of America,Maize (corn),1978,184613008.0
United States of America,Maize (corn),1979,201383008.0
United States of America,Maize (corn),1980,168647008.0
United States of America,Maize (corn),1981,206222000.0
United States of America,Maize (corn),1982,209180000.0
United States of America,Maize (corn),1983,106030000.0
United States of America,Maize (corn),1984,194880000.0
United States of America,Maize (corn),1985,225453008.0
United States of America,Maize (corn),1986,208943008.0
United States of America,Maize (corn),1987,181142000.0
United States of America,Maize (corn),1988,125194000.0
United States of America,Maize (corn),1989,191319008.0
United States of America,Maize (corn),1990,201532000.0
United States of America,Maize (corn),1991,189867780.0
United States of America,Maize (corn),1992,240719220.0
United States of America,Maize (corn),1993,160985760.0
United States of America,Maize (corn),1994,255294970.0
United States of America,Maize (corn),1995,187969950.0
United States of America,Maize (corn),1996,234517750.0
United States of America,Maize (corn),1997,233864300.0
United States of America,Maize (corn),1998,247882020.0
United States of America,Maize (corn),1999,239548580.0
United States of America,Maize (corn),2000,251853900.0
United States of America,Maize (corn),2001,241376650.0
United States of America,Maize (corn),2002,227766880.0
United States of America,Maize (corn),2003,256229020.0
United States of America,Maize (corn),2004,299875570.0
United States of America,Maize (corn),2005,282262550.0
United States of America,Maize (corn),2006,267502850.0
United States of America,Maize (corn),2007,331177280.0
United States of America,Maize (corn),2008,305911450.0
United States of America,Maize (corn),2009,331921050.0
United States of America,Maize (corn),2010,315617920.0
United States of America,Maize (corn),2011,312788890.0
United States of America,Maize (corn),2012,273192400.0
United States of America,Maize (corn),2013,351271870.0
United States of America,Maize (corn),2014,361091140.0
United States of America,Maize (corn),2015,345486340.0
United States of America,Maize (corn),2016,412262180.0
United States of America,Maize (corn),2017,371096030.0
United States of America,Maize (corn),2018,364262150.0
United States of America,Maize (corn),2019,345962110.0
United States of America,Maize (corn),2020,358447310.0
United States of America,Maize (corn),2021,381469380.0
United States of America,Maize (corn),2022,346739460.0
United States of America,Maize (corn),2023,389694460.0
United States of America,Maize (corn),2024,377632690.0
United States of America,Sorghum,1961,12198000.0
United States of America,Sorghum,1962,12962000.0
United States of America,Sorghum,1963,14870000.0
United States of America,Sorghum,1964,12441000.0
United States of America,Sorghum,1965,17087008.0
United States of America,Sorghum,1966,18161520.0
United States of America,Sorghum,1967,19186496.0
United States of America,Sorghum,1968,18575168.0
United States of America,Sorghum,1969,18540672.0
United States of America,Sorghum,1970,17353424.0
United States of America,Sorghum,1971,22048000.0
United States of America,Sorghum,1972,20355088.0
United States of America,Sorghum,1973,23450816.0
United States of America,Sorghum,1974,15817482.0
United States of America,Sorghum,1975,19161344.0
United States of America,Sorghum,1976,18054960.0
United States of America,Sorghum,1977,19836752.0
United States of America,Sorghum,1978,18575104.0
United States of America,Sorghum,1979,20509296.0
United States of America,Sorghum,1980,14715900.0
United States of America,Sorghum,1981,22247104.0
United States of America,Sorghum,1982,21211904.0
United States of America,Sorghum,1983,12383500.0
United States of America,Sorghum,1984,22004000.0
United States of America,Sorghum,1985,28456000.0
United States of America,Sorghum,1986,23848000.0
United States of America,Sorghum,1987,18563408.0
United States of America,Sorghum,1988,14648000.0
United States of America,Sorghum,1989,15632000.0
United States of America,Sorghum,1990,14562000.0
United States of America,Sorghum,1991,14856130.0
United States of America,Sorghum,1992,22226580.0
United States of America,Sorghum,1993,13568590.0
United States of America,Sorghum,1994,16402580.0
United States of America,Sorghum,1995,11650200.0
United States of America,Sorghum,1996,20200890.0
United States of America,Sorghum,1997,16092780.0
United States of America,Sorghum,1998,13206910.0
United States of America,Sorghum,1999,15117910.0
United States of America,Sorghum,2000,11951910.0
United States of America,Sorghum,2001,13057220.0
United States of America,Sorghum,2002,9162530.0
United States of America,Sorghum,2003,10445440.0
United States of America,Sorghum,2004,11522120.0
United States of America,Sorghum,2005,9976030.0
United States of America,Sorghum,2006,7031650.0
United States of America,Sorghum,2007,12635690.0
United States of America,Sorghum,2008,12087270.0
United States of America,Sorghum,2009,9693210.0
United States of America,Sorghum,2010,8775190.0
United States of America,Sorghum,2011,5410270.0
United States of America,Sorghum,2012,6292940.0
United States of America,Sorghum,2013,9965670.0
United States of America,Sorghum,2014,10987910.0
United States of America,Sorghum,2015,15158170.0
United States of America,Sorghum,2016,12199190.0
United States of America,Sorghum,2017,9191950.0
United States of America,Sorghum,2018,9271070.0
United States of America,Sorghum,2019,8673480.0
United States of America,Sorghum,2020,9473620.0
United States of America,Sorghum,2021,11374900.0
United States of America,Sorghum,2022,4769960.0
United States of America,Sorghum,2023,8071090.0
United States of America,Sorghum,2024,8734190.0
United States of America,Sugar cane,1961,17787104.0
United States of America,Sugar cane,1962,18178096.0
United States of America,Sugar cane,1963,21851344.0
United States of America,Sugar cane,1964,22727680.0
United States of America,Sugar cane,1965,21466688.0
United States of America,Sugar cane,1966,22239520.0
United States of America,Sugar cane,1967,24177248.0
United States of America,Sugar cane,1968,22520752.0
United States of America,Sugar cane,1969,20515872.0
United States of America,Sugar cane,1970,21768688.0
United States of America,Sugar cane,1971,21928352.0
United States of America,Sugar cane,1972,25702224.0
United States of America,Sugar cane,1973,23429744.0
United States of America,Sugar cane,1974,22806512.0
United States of America,Sugar cane,1975,25713104.0
United States of America,Sugar cane,1976,25509904.0
United States of America,Sugar cane,1977,24339632.0
United States of America,Sugar cane,1978,23583952.0
United States of America,Sugar cane,1979,24069296.0
United States of America,Sugar cane,1980,24460288.0
United States of America,Sugar cane,1981,24864128.0
United States of America,Sugar cane,1982,27006752.0
United States of America,Sugar cane,1983,25547104.0
United States of America,Sugar cane,1984,24802304.0
United States of America,Sugar cane,1985,25594304.0
United States of America,Sugar cane,1986,27498000.0
United States of America,Sugar cane,1987,26506000.0
United States of America,Sugar cane,1988,27128000.0
United States of America,Sugar cane,1989,26695008.0
United States of America,Sugar cane,1990,25524000.0
United States of America,Sugar cane,1991,27444000.0
United States of America,Sugar cane,1992,27545008.0
United States of America,Sugar cane,1993,28214000.0
United States of America,Sugar cane,1994,28058000.0
United States of America,Sugar cane,1995,27938000.0
United States of America,Sugar cane,1996,26727000.0
United States of America,Sugar cane,1997,28751000.0
United States of America,Sugar cane,1998,31486000.0
United States of America,Sugar cane,1999,32022700.0
United States of America,Sugar cane,2000,36114000.0
United States of America,Sugar cane,2001,34587000.0
United States of America,Sugar cane,2002,35553000.0
United States of America,Sugar cane,2003,33858000.0
United States of America,Sugar cane,2004,29013000.0
United States of America,Sugar cane,2005,26606000.0
United States of America,Sugar cane,2006,29564000.0
United States of America,Sugar cane,2007,27750600.0
United States of America,Sugar cane,2008,25041020.0
United States of America,Sugar cane,2009,27607450.0
United States of America,Sugar cane,2010,24820574.0
United States of America,Sugar cane,2011,26511598.0
United States of America,Sugar cane,2012,29235840.0
United States of America,Sugar cane,2013,27905910.0
United States of America,Sugar cane,2014,27600190.0
United States of America,Sugar cane,2015,29140590.0
United States of America,Sugar cane,2016,29136968.0
United States of America,Sugar cane,2017,30153010.0
United States of America,Sugar cane,2018,31335980.0
United States of America,Sugar cane,2019,28972760.0
United States of America,Sugar cane,2020,32749370.0
United States of America,Sugar cane,2021,29790130.0
United States of America,Sugar cane,2022,31453000.0
United States of America,Sugar cane,2023,29897180.0
United States of America,Sugar cane,2024,31609950.0
United States of America,Wheat,1961,33539008.0
United States of America,Wheat,1962,29718000.0
United States of America,Wheat,1963,31211888.0
United States of America,Wheat,1964,34928000.0
United States of America,Wheat,1965,35805008.0
United States of America,Wheat,1966,35513856.0
United States of America,Wheat,1967,41030784.0
United States of America,Wheat,1968,42365376.0
United States of America,Wheat,1969,39263952.0
United States of America,Wheat,1970,36784000.0
United States of America,Wheat,1971,44052800.0
United States of America,Wheat,1972,42081632.0
United States of America,Wheat,1973,46560784.0
United States of America,Wheat,1974,48496688.0
United States of America,Wheat,1975,57886448.0
United States of America,Wheat,1976,58481200.0
United States of America,Wheat,1977,55671056.0
United States of America,Wheat,1978,48322656.0
United States of America,Wheat,1979,58080576.0
United States of America,Wheat,1980,64799504.0
United States of America,Wheat,1981,75806304.0
United States of America,Wheat,1982,75251296.0
United States of America,Wheat,1983,65857904.0
United States of America,Wheat,1984,70618000.0
United States of America,Wheat,1985,65975008.0
United States of America,Wheat,1986,56897008.0
United States of America,Wheat,1987,57361808.0
United States of America,Wheat,1988,49320000.0
United States of America,Wheat,1989,55428000.0
United States of America,Wheat,1990,74294000.0
United States of America,Wheat,1991,53890000.0
United States of America,Wheat,1992,67136000.0
United States of America,Wheat,1993,65222000.0
United States of America,Wheat,1994,63168000.0
United States of America,Wheat,1995,59404000.0
United States of America,Wheat,1996,61982000.0
United States of America,Wheat,1997,67536000.0
United States of America,Wheat,1998,69327000.0
United States of America,Wheat,1999,62567284.0
United States of America,Wheat,2000,60639376.0
United States of America,Wheat,2001,52999932.0
United States of America,Wheat,2002,43703968.0
United States of America,Wheat,2003,63803256.0
United States of America,Wheat,2004,58697040.0
United States of America,Wheat,2005,57241992.0
United States of America,Wheat,2006,49216040.0
United States of America,Wheat,2007,55820360.0
United States of America,Wheat,2008,68016096.0
United States of America,Wheat,2009,60365728.0
United States of America,Wheat,2010,60062408.0
United States of America,Wheat,2011,54418808.0
United States of America,Wheat,2012,61677384.0
United States of America,Wheat,2013,58104610.0
United States of America,Wheat,2014,55147120.0
United States of America,Wheat,2015,55839540.0
United States of America,Wheat,2016,62831507.0
United States of America,Wheat,2017,47379810.0
United States of America,Wheat,2018,51305540.0
United States of America,Wheat,2019,52580890.0
United States of America,Wheat,2020,49751180.0
United States of America,Wheat,2021,44803690.0
United States of America,Wheat,2022,44897830.0
United States of America,Wheat,2023,49313930.0
United States of America,Wheat,2024,53650020.0
Uruguay,Maize (corn),1961,223723.0
Uruguay,Maize (corn),1962,155175.0
Uruguay,Maize (corn),1963,205653.0
Uruguay,Maize (corn),1964,91064.0
Uruguay,Maize (corn),1965,62720.0
Uruguay,Maize (corn),1966,181880.0
Uruguay,Maize (corn),1967,116885.0
Uruguay,Maize (corn),1968,69165.0
Uruguay,Maize (corn),1969,128820.0
Uruguay,Maize (corn),1970,189413.0
Uruguay,Maize (corn),1971,166015.0
Uruguay,Maize (corn),1972,141200.0
Uruguay,Maize (corn),1973,228575.0
Uruguay,Maize (corn),1974,225235.0
Uruguay,Maize (corn),1975,157135.0
Uruguay,Maize (corn),1976,210404.0
Uruguay,Maize (corn),1977,120996.0
Uruguay,Maize (corn),1978,171669.0
Uruguay,Maize (corn),1979,70922.0
Uruguay,Maize (corn),1980,125824.0
Uruguay,Maize (corn),1981,180780.0
Uruguay,Maize (corn),1982,97324.0
Uruguay,Maize (corn),1983,103710.0
Uruguay,Maize (corn),1984,111813.0
Uruguay,Maize (corn),1985,107979.0
Uruguay,Maize (corn),1986,75600.0
Uruguay,Maize (corn),1987,103699.0
Uruguay,Maize (corn),1988,118330.0
Uruguay,Maize (corn),1989,60156.0
Uruguay,Maize (corn),1990,112313.0
Uruguay,Maize (corn),1991,133500.0
Uruguay,Maize (corn),1992,124900.0
Uruguay,Maize (corn),1993,138400.0
Uruguay,Maize (corn),1994,89700.0
Uruguay,Maize (corn),1995,117000.0
Uruguay,Maize (corn),1996,128100.0
Uruguay,Maize (corn),1997,162100.0
Uruguay,Maize (corn),1998,203300.0
Uruguay,Maize (corn),1999,242500.0
Uruguay,Maize (corn),2000,64700.0
Uruguay,Maize (corn),2001,266800.0
Uruguay,Maize (corn),2002,163400.0
Uruguay,Maize (corn),2003,178500.0
Uruguay,Maize (corn),2004,223000.0
Uruguay,Maize (corn),2005,251000.0
Uruguay,Maize (corn),2006,205000.0
Uruguay,Maize (corn),2007,337763.0
Uruguay,Maize (corn),2008,334700.0
Uruguay,Maize (corn),2009,269800.0
Uruguay,Maize (corn),2010,529100.0
Uruguay,Maize (corn),2011,286200.0
Uruguay,Maize (corn),2012,528000.0
Uruguay,Maize (corn),2013,692600.0
Uruguay,Maize (corn),2014,564500.0
Uruguay,Maize (corn),2015,479000.0
Uruguay,Maize (corn),2016,487000.0
Uruguay,Maize (corn),2017,471000.0
Uruguay,Maize (corn),2018,309000.0
Uruguay,Maize (corn),2019,816000.0
Uruguay,Maize (corn),2020,763100.0
Uruguay,Maize (corn),2021,769500.0
Uruguay,Maize (corn),2022,878000.0
Uruguay,Maize (corn),2023,265900.0
Uruguay,Maize (corn),2024,581658.04
Uruguay,Sorghum,1961,10.0
Uruguay,Sorghum,1962,15.0
Uruguay,Sorghum,1963,150.0
Uruguay,Sorghum,1964,1500.0
Uruguay,Sorghum,1965,16211.0
Uruguay,Sorghum,1966,15276.0
Uruguay,Sorghum,1967,27678.0
Uruguay,Sorghum,1968,29651.0
Uruguay,Sorghum,1969,50613.0
Uruguay,Sorghum,1970,36164.0
Uruguay,Sorghum,1971,72162.0
Uruguay,Sorghum,1972,56866.0
Uruguay,Sorghum,1973,225017.0
Uruguay,Sorghum,1974,192853.0
Uruguay,Sorghum,1975,76969.0
Uruguay,Sorghum,1976,118413.0
Uruguay,Sorghum,1977,161803.0
Uruguay,Sorghum,1978,183855.0
Uruguay,Sorghum,1979,53792.0
Uruguay,Sorghum,1980,84419.0
Uruguay,Sorghum,1981,198900.0
Uruguay,Sorghum,1982,122887.0
Uruguay,Sorghum,1983,106623.0
Uruguay,Sorghum,1984,118680.0
Uruguay,Sorghum,1985,151563.0
Uruguay,Sorghum,1986,104500.0
Uruguay,Sorghum,1987,90062.0
Uruguay,Sorghum,1988,121183.0
Uruguay,Sorghum,1989,78854.0
Uruguay,Sorghum,1990,59381.0
Uruguay,Sorghum,1991,92300.0
Uruguay,Sorghum,1992,138900.0
Uruguay,Sorghum,1993,132600.0
Uruguay,Sorghum,1994,66000.0
Uruguay,Sorghum,1995,139000.0
Uruguay,Sorghum,1996,92100.0
Uruguay,Sorghum,1997,129700.0
Uruguay,Sorghum,1998,91100.0
Uruguay,Sorghum,1999,106100.0
Uruguay,Sorghum,2000,19900.0
Uruguay,Sorghum,2001,142611.0
Uruguay,Sorghum,2002,61904.0
Uruguay,Sorghum,2003,60209.0
Uruguay,Sorghum,2004,69682.0
Uruguay,Sorghum,2005,84700.0
Uruguay,Sorghum,2006,61300.0
Uruguay,Sorghum,2007,162766.0
Uruguay,Sorghum,2008,151200.0
Uruguay,Sorghum,2009,324200.0
Uruguay,Sorghum,2010,138000.0
Uruguay,Sorghum,2011,123400.0
Uruguay,Sorghum,2012,372000.0
Uruguay,Sorghum,2013,209000.0
Uruguay,Sorghum,2014,302700.0
Uruguay,Sorghum,2015,326000.0
Uruguay,Sorghum,2016,238000.0
Uruguay,Sorghum,2017,214000.0
Uruguay,Sorghum,2018,76000.0
Uruguay,Sorghum,2019,145000.0
Uruguay,Sorghum,2020,98800.0
Uruguay,Sorghum,2021,110200.0
Uruguay,Sorghum,2022,84400.0
Uruguay,Sorghum,2023,24000.0
Uruguay,Sorghum,2024,65036.9
Uruguay,Sugar cane,1961,105102.0
Uruguay,Sugar cane,1962,151733.0
Uruguay,Sugar cane,1963,177137.0
Uruguay,Sugar cane,1964,199830.0
Uruguay,Sugar cane,1965,204731.0
Uruguay,Sugar cane,1966,184123.0
Uruguay,Sugar cane,1967,136485.0
Uruguay,Sugar cane,1968,105550.0
Uruguay,Sugar cane,1969,126225.0
Uruguay,Sugar cane,1970,160662.0
Uruguay,Sugar cane,1971,230148.0
Uruguay,Sugar cane,1972,227480.0
Uruguay,Sugar cane,1973,327132.0
Uruguay,Sugar cane,1974,239931.0
Uruguay,Sugar cane,1975,375651.0
Uruguay,Sugar cane,1976,326224.0
Uruguay,Sugar cane,1977,621879.0
Uruguay,Sugar cane,1978,475399.0
Uruguay,Sugar cane,1979,322640.0
Uruguay,Sugar cane,1980,447981.0
Uruguay,Sugar cane,1981,420222.0
Uruguay,Sugar cane,1982,479730.0
Uruguay,Sugar cane,1983,551045.0
Uruguay,Sugar cane,1984,551755.0
Uruguay,Sugar cane,1985,586149.0
Uruguay,Sugar cane,1986,637115.0
Uruguay,Sugar cane,1987,599729.0
Uruguay,Sugar cane,1988,494714.0
Uruguay,Sugar cane,1989,598834.0
Uruguay,Sugar cane,1990,682800.0
Uruguay,Sugar cane,1991,465100.0
Uruguay,Sugar cane,1992,517100.0
Uruguay,Sugar cane,1993,279900.0
Uruguay,Sugar cane,1994,216200.0
Uruguay,Sugar cane,1995,201800.0
Uruguay,Sugar cane,1996,190200.0
Uruguay,Sugar cane,1997,208240.0
Uruguay,Sugar cane,1998,167228.0
Uruguay,Sugar cane,1999,137800.0
Uruguay,Sugar cane,2000,149500.0
Uruguay,Sugar cane,2001,176500.0
Uruguay,Sugar cane,2002,187700.0
Uruguay,Sugar cane,2003,116200.0
Uruguay,Sugar cane,2004,154200.0
Uruguay,Sugar cane,2005,172200.0
Uruguay,Sugar cane,2006,144519.0
Uruguay,Sugar cane,2007,293200.0
Uruguay,Sugar cane,2008,334100.0
Uruguay,Sugar cane,2009,296500.0
Uruguay,Sugar cane,2010,313300.0
Uruguay,Sugar cane,2011,420000.0
Uruguay,Sugar cane,2012,368000.0
Uruguay,Sugar cane,2013,368000.0
Uruguay,Sugar cane,2014,482000.0
Uruguay,Sugar cane,2015,443000.0
Uruguay,Sugar cane,2016,367700.0
Uruguay,Sugar cane,2017,347700.0
Uruguay,Sugar cane,2018,356500.0
Uruguay,Sugar cane,2019,416900.0
Uruguay,Sugar cane,2020,417000.0
Uruguay,Sugar cane,2021,462000.0
Uruguay,Sugar cane,2022,523700.0
Uruguay,Sugar cane,2023,542000.0
Uruguay,Sugar cane,2024,541167.21
Uruguay,Wheat,1961,371536.0
Uruguay,Wheat,1962,452089.0
Uruguay,Wheat,1963,236540.0
Uruguay,Wheat,1964,645816.0
Uruguay,Wheat,1965,619905.0
Uruguay,Wheat,1966,328760.0
Uruguay,Wheat,1967,143776.0
Uruguay,Wheat,1968,469790.0
Uruguay,Wheat,1969,446882.0
Uruguay,Wheat,1970,388328.0
Uruguay,Wheat,1971,301599.0
Uruguay,Wheat,1972,186543.0
Uruguay,Wheat,1973,296844.0
Uruguay,Wheat,1974,526499.0
Uruguay,Wheat,1975,455662.0
Uruguay,Wheat,1976,504938.0
Uruguay,Wheat,1977,173235.0
Uruguay,Wheat,1978,174269.0
Uruguay,Wheat,1979,435281.0
Uruguay,Wheat,1980,306577.0
Uruguay,Wheat,1981,387768.0
Uruguay,Wheat,1982,363144.0
Uruguay,Wheat,1983,418723.0
Uruguay,Wheat,1984,348861.0
Uruguay,Wheat,1985,246143.0
Uruguay,Wheat,1986,231730.0
Uruguay,Wheat,1987,307824.0
Uruguay,Wheat,1988,413575.0
Uruguay,Wheat,1989,542378.0
Uruguay,Wheat,1990,417400.0
Uruguay,Wheat,1991,188300.0
Uruguay,Wheat,1992,342300.0
Uruguay,Wheat,1993,343900.0
Uruguay,Wheat,1994,486900.0
Uruguay,Wheat,1995,392900.0
Uruguay,Wheat,1996,649700.0
Uruguay,Wheat,1997,504800.0
Uruguay,Wheat,1998,559200.0
Uruguay,Wheat,1999,383900.0
Uruguay,Wheat,2000,324400.0
Uruguay,Wheat,2001,143600.0
Uruguay,Wheat,2002,270000.0
Uruguay,Wheat,2003,205800.0
Uruguay,Wheat,2004,326000.0
Uruguay,Wheat,2005,532600.0
Uruguay,Wheat,2006,454100.0
Uruguay,Wheat,2007,611200.0
Uruguay,Wheat,2008,697143.0
Uruguay,Wheat,2009,1356600.0
Uruguay,Wheat,2010,1844416.0
Uruguay,Wheat,2011,1300700.0
Uruguay,Wheat,2012,2016300.0
Uruguay,Wheat,2013,982000.0
Uruguay,Wheat,2014,1532796.0
Uruguay,Wheat,2015,1076000.0
Uruguay,Wheat,2016,1191000.0
Uruguay,Wheat,2017,757000.0
Uruguay,Wheat,2018,440000.0
Uruguay,Wheat,2019,727600.0
Uruguay,Wheat,2020,776300.0
Uruguay,Wheat,2021,936400.0
Uruguay,Wheat,2022,1283100.0
Uruguay,Wheat,2023,1343800.0
Uruguay,Wheat,2024,1295414.68
Venezuela (Bolivarian Republic of),Maize (corn),1961,419508.0
Venezuela (Bolivarian Republic of),Maize (corn),1962,540475.0
Venezuela (Bolivarian Republic of),Maize (corn),1963,430163.0
Venezuela (Bolivarian Republic of),Maize (corn),1964,475000.0
Venezuela (Bolivarian Republic of),Maize (corn),1965,521000.0
Venezuela (Bolivarian Republic of),Maize (corn),1966,557470.0
Venezuela (Bolivarian Republic of),Maize (corn),1967,633372.0
Venezuela (Bolivarian Republic of),Maize (corn),1968,660786.0
Venezuela (Bolivarian Republic of),Maize (corn),1969,670304.0
Venezuela (Bolivarian Republic of),Maize (corn),1970,709915.0
Venezuela (Bolivarian Republic of),Maize (corn),1971,713486.0
Venezuela (Bolivarian Republic of),Maize (corn),1972,506316.0
Venezuela (Bolivarian Republic of),Maize (corn),1973,454423.0
Venezuela (Bolivarian Republic of),Maize (corn),1974,553761.0
Venezuela (Bolivarian Republic of),Maize (corn),1975,653412.0
Venezuela (Bolivarian Republic of),Maize (corn),1976,417424.0
Venezuela (Bolivarian Republic of),Maize (corn),1977,774419.0
Venezuela (Bolivarian Republic of),Maize (corn),1978,591364.0
Venezuela (Bolivarian Republic of),Maize (corn),1979,612473.0
Venezuela (Bolivarian Republic of),Maize (corn),1980,575400.0
Venezuela (Bolivarian Republic of),Maize (corn),1981,452220.0
Venezuela (Bolivarian Republic of),Maize (corn),1982,500966.0
Venezuela (Bolivarian Republic of),Maize (corn),1983,487838.0
Venezuela (Bolivarian Republic of),Maize (corn),1984,547072.0
Venezuela (Bolivarian Republic of),Maize (corn),1985,868431.0
Venezuela (Bolivarian Republic of),Maize (corn),1986,1172772.0
Venezuela (Bolivarian Republic of),Maize (corn),1987,1267305.0
Venezuela (Bolivarian Republic of),Maize (corn),1988,1281370.0
Venezuela (Bolivarian Republic of),Maize (corn),1989,921196.0
Venezuela (Bolivarian Republic of),Maize (corn),1990,1002485.0
Venezuela (Bolivarian Republic of),Maize (corn),1991,1024589.0
Venezuela (Bolivarian Republic of),Maize (corn),1992,844301.0
Venezuela (Bolivarian Republic of),Maize (corn),1993,987784.0
Venezuela (Bolivarian Republic of),Maize (corn),1994,1094495.0
Venezuela (Bolivarian Republic of),Maize (corn),1995,1166732.0
Venezuela (Bolivarian Republic of),Maize (corn),1996,1033292.0
Venezuela (Bolivarian Republic of),Maize (corn),1997,1199219.0
Venezuela (Bolivarian Republic of),Maize (corn),1998,983121.0
Venezuela (Bolivarian Republic of),Maize (corn),1999,1149450.0
Venezuela (Bolivarian Republic of),Maize (corn),2000,1689551.0
Venezuela (Bolivarian Republic of),Maize (corn),2001,1801061.0
Venezuela (Bolivarian Republic of),Maize (corn),2002,1392029.0
Venezuela (Bolivarian Republic of),Maize (corn),2003,1823237.0
Venezuela (Bolivarian Republic of),Maize (corn),2004,2126256.0
Venezuela (Bolivarian Republic of),Maize (corn),2005,2193460.0
Venezuela (Bolivarian Republic of),Maize (corn),2006,2336834.0
Venezuela (Bolivarian Republic of),Maize (corn),2007,2570869.0
Venezuela (Bolivarian Republic of),Maize (corn),2008,2638010.0
Venezuela (Bolivarian Republic of),Maize (corn),2009,2183345.0
Venezuela (Bolivarian Republic of),Maize (corn),2010,2372452.0
Venezuela (Bolivarian Republic of),Maize (corn),2011,2033934.0
Venezuela (Bolivarian Republic of),Maize (corn),2012,2107861.0
Venezuela (Bolivarian Republic of),Maize (corn),2013,2457263.0
Venezuela (Bolivarian Republic of),Maize (corn),2014,2306741.0
Venezuela (Bolivarian Republic of),Maize (corn),2015,1439875.0
Venezuela (Bolivarian Republic of),Maize (corn),2016,1543365.03
Venezuela (Bolivarian Republic of),Maize (corn),2017,1282179.0
Venezuela (Bolivarian Republic of),Maize (corn),2018,1091345.0
Venezuela (Bolivarian Republic of),Maize (corn),2019,1023089.0
Venezuela (Bolivarian Republic of),Maize (corn),2020,1636271.0
Venezuela (Bolivarian Republic of),Maize (corn),2021,2633976.0
Venezuela (Bolivarian Republic of),Maize (corn),2022,2602191.0
Venezuela (Bolivarian Republic of),Maize (corn),2023,2759286.0
Venezuela (Bolivarian Republic of),Maize (corn),2024,2832021.53
Venezuela (Bolivarian Republic of),Sorghum,1961,0.0
Venezuela (Bolivarian Republic of),Sorghum,1962,0.0
Venezuela (Bolivarian Republic of),Sorghum,1963,0.0
Venezuela (Bolivarian Republic of),Sorghum,1964,2195.0
Venezuela (Bolivarian Republic of),Sorghum,1965,3665.0
Venezuela (Bolivarian Republic of),Sorghum,1966,10559.0
Venezuela (Bolivarian Republic of),Sorghum,1967,15768.0
Venezuela (Bolivarian Republic of),Sorghum,1968,21830.0
Venezuela (Bolivarian Republic of),Sorghum,1969,5493.0
Venezuela (Bolivarian Republic of),Sorghum,1970,6532.0
Venezuela (Bolivarian Republic of),Sorghum,1971,2405.0
Venezuela (Bolivarian Republic of),Sorghum,1972,7128.0
Venezuela (Bolivarian Republic of),Sorghum,1973,8682.0
Venezuela (Bolivarian Republic of),Sorghum,1974,34050.0
Venezuela (Bolivarian Republic of),Sorghum,1975,70380.0
Venezuela (Bolivarian Republic of),Sorghum,1976,124073.0
Venezuela (Bolivarian Republic of),Sorghum,1977,280008.0
Venezuela (Bolivarian Republic of),Sorghum,1978,339819.0
Venezuela (Bolivarian Republic of),Sorghum,1979,395779.0
Venezuela (Bolivarian Republic of),Sorghum,1980,352611.0
Venezuela (Bolivarian Republic of),Sorghum,1981,346558.0
Venezuela (Bolivarian Republic of),Sorghum,1982,377272.0
Venezuela (Bolivarian Republic of),Sorghum,1983,364006.0
Venezuela (Bolivarian Republic of),Sorghum,1984,472451.0
Venezuela (Bolivarian Republic of),Sorghum,1985,481436.0
Venezuela (Bolivarian Republic of),Sorghum,1986,755889.0
Venezuela (Bolivarian Republic of),Sorghum,1987,777239.0
Venezuela (Bolivarian Republic of),Sorghum,1988,819838.0
Venezuela (Bolivarian Republic of),Sorghum,1989,595204.0
Venezuela (Bolivarian Republic of),Sorghum,1990,376384.0
Venezuela (Bolivarian Republic of),Sorghum,1991,615088.0
Venezuela (Bolivarian Republic of),Sorghum,1992,511228.0
Venezuela (Bolivarian Republic of),Sorghum,1993,472688.0
Venezuela (Bolivarian Republic of),Sorghum,1994,446217.0
Venezuela (Bolivarian Republic of),Sorghum,1995,504018.0
Venezuela (Bolivarian Republic of),Sorghum,1996,436320.0
Venezuela (Bolivarian Republic of),Sorghum,1997,420996.0
Venezuela (Bolivarian Republic of),Sorghum,1998,448871.0
Venezuela (Bolivarian Republic of),Sorghum,1999,363874.0
Venezuela (Bolivarian Republic of),Sorghum,2000,581526.0
Venezuela (Bolivarian Republic of),Sorghum,2001,554064.0
Venezuela (Bolivarian Republic of),Sorghum,2002,508652.0
Venezuela (Bolivarian Republic of),Sorghum,2003,614214.0
Venezuela (Bolivarian Republic of),Sorghum,2004,563345.0
Venezuela (Bolivarian Republic of),Sorghum,2005,385439.0
Venezuela (Bolivarian Republic of),Sorghum,2006,584376.0
Venezuela (Bolivarian Republic of),Sorghum,2007,382116.0
Venezuela (Bolivarian Republic of),Sorghum,2008,376959.0
Venezuela (Bolivarian Republic of),Sorghum,2009,427868.0
Venezuela (Bolivarian Republic of),Sorghum,2010,392630.0
Venezuela (Bolivarian Republic of),Sorghum,2011,376628.0
Venezuela (Bolivarian Republic of),Sorghum,2012,157769.0
Venezuela (Bolivarian Republic of),Sorghum,2013,152538.0
Venezuela (Bolivarian Republic of),Sorghum,2014,132804.0
Venezuela (Bolivarian Republic of),Sorghum,2015,52463.0
Venezuela (Bolivarian Republic of),Sorghum,2016,43102.16
Venezuela (Bolivarian Republic of),Sorghum,2017,44524.0
Venezuela (Bolivarian Republic of),Sorghum,2018,44381.0
Venezuela (Bolivarian Republic of),Sorghum,2019,39083.0
Venezuela (Bolivarian Republic of),Sorghum,2020,55162.92
Venezuela (Bolivarian Republic of),Sorghum,2021,33442.0
Venezuela (Bolivarian Republic of),Sorghum,2022,53505.0
Venezuela (Bolivarian Republic of),Sorghum,2023,41273.0
Venezuela (Bolivarian Republic of),Sorghum,2024,42079.55
Venezuela (Bolivarian Republic of),Sugar cane,1961,2519028.0
Venezuela (Bolivarian Republic of),Sugar cane,1962,2632476.0
Venezuela (Bolivarian Republic of),Sugar cane,1963,2813223.0
Venezuela (Bolivarian Republic of),Sugar cane,1964,3227409.0
Venezuela (Bolivarian Republic of),Sugar cane,1965,3704424.0
Venezuela (Bolivarian Republic of),Sugar cane,1966,4034353.0
Venezuela (Bolivarian Republic of),Sugar cane,1967,4185940.0
Venezuela (Bolivarian Republic of),Sugar cane,1968,3727572.0
Venezuela (Bolivarian Republic of),Sugar cane,1969,4251695.0
Venezuela (Bolivarian Republic of),Sugar cane,1970,4908737.0
Venezuela (Bolivarian Republic of),Sugar cane,1971,5152106.0
Venezuela (Bolivarian Republic of),Sugar cane,1972,5736436.0
Venezuela (Bolivarian Republic of),Sugar cane,1973,5240675.0
Venezuela (Bolivarian Republic of),Sugar cane,1974,5856497.0
Venezuela (Bolivarian Republic of),Sugar cane,1975,5486162.0
Venezuela (Bolivarian Republic of),Sugar cane,1976,6000599.0
Venezuela (Bolivarian Republic of),Sugar cane,1977,5356457.0
Venezuela (Bolivarian Republic of),Sugar cane,1978,4828402.0
Venezuela (Bolivarian Republic of),Sugar cane,1979,4769354.0
Venezuela (Bolivarian Republic of),Sugar cane,1980,4986518.0
Venezuela (Bolivarian Republic of),Sugar cane,1981,4531369.0
Venezuela (Bolivarian Republic of),Sugar cane,1982,5371624.0
Venezuela (Bolivarian Republic of),Sugar cane,1983,4815887.0
Venezuela (Bolivarian Republic of),Sugar cane,1984,4757379.0
Venezuela (Bolivarian Republic of),Sugar cane,1985,5673165.0
Venezuela (Bolivarian Republic of),Sugar cane,1986,7361059.0
Venezuela (Bolivarian Republic of),Sugar cane,1987,8035972.0
Venezuela (Bolivarian Republic of),Sugar cane,1988,8332537.0
Venezuela (Bolivarian Republic of),Sugar cane,1989,7808761.0
Venezuela (Bolivarian Republic of),Sugar cane,1990,6618905.0
Venezuela (Bolivarian Republic of),Sugar cane,1991,6911280.0
Venezuela (Bolivarian Republic of),Sugar cane,1992,7349498.0
Venezuela (Bolivarian Republic of),Sugar cane,1993,7200651.0
Venezuela (Bolivarian Republic of),Sugar cane,1994,6521848.0
Venezuela (Bolivarian Republic of),Sugar cane,1995,6148412.0
Venezuela (Bolivarian Republic of),Sugar cane,1996,6424319.0
Venezuela (Bolivarian Republic of),Sugar cane,1997,6428958.0
Venezuela (Bolivarian Republic of),Sugar cane,1998,8111023.0
Venezuela (Bolivarian Republic of),Sugar cane,1999,8501109.0
Venezuela (Bolivarian Republic of),Sugar cane,2000,8831523.0
Venezuela (Bolivarian Republic of),Sugar cane,2001,8862621.0
Venezuela (Bolivarian Republic of),Sugar cane,2002,8525815.0
Venezuela (Bolivarian Republic of),Sugar cane,2003,9950078.0
Venezuela (Bolivarian Republic of),Sugar cane,2004,8814248.0
Venezuela (Bolivarian Republic of),Sugar cane,2005,9654393.0
Venezuela (Bolivarian Republic of),Sugar cane,2006,9322937.0
Venezuela (Bolivarian Republic of),Sugar cane,2007,9690791.0
Venezuela (Bolivarian Republic of),Sugar cane,2008,8701047.0
Venezuela (Bolivarian Republic of),Sugar cane,2009,8134111.0
Venezuela (Bolivarian Republic of),Sugar cane,2010,6842180.0
Venezuela (Bolivarian Republic of),Sugar cane,2011,6716379.0
Venezuela (Bolivarian Republic of),Sugar cane,2012,7301702.0
Venezuela (Bolivarian Republic of),Sugar cane,2013,7055102.0
Venezuela (Bolivarian Republic of),Sugar cane,2014,6483755.0
Venezuela (Bolivarian Republic of),Sugar cane,2015,5569497.0
Venezuela (Bolivarian Republic of),Sugar cane,2016,3673713.68
Venezuela (Bolivarian Republic of),Sugar cane,2017,3973251.0
Venezuela (Bolivarian Republic of),Sugar cane,2018,3206225.0
Venezuela (Bolivarian Republic of),Sugar cane,2019,3104097.0
Venezuela (Bolivarian Republic of),Sugar cane,2020,3335090.0
Venezuela (Bolivarian Republic of),Sugar cane,2021,3755880.0
Venezuela (Bolivarian Republic of),Sugar cane,2022,2814056.0
Venezuela (Bolivarian Republic of),Sugar cane,2023,3539546.0
Venezuela (Bolivarian Republic of),Sugar cane,2024,3657766.28
Venezuela (Bolivarian Republic of),Wheat,1961,1228.0
Venezuela (Bolivarian Republic of),Wheat,1962,622.0
Venezuela (Bolivarian Republic of),Wheat,1963,1105.0
Venezuela (Bolivarian Republic of),Wheat,1964,1200.0
Venezuela (Bolivarian Republic of),Wheat,1965,1308.0
Venezuela (Bolivarian Republic of),Wheat,1966,1427.0
Venezuela (Bolivarian Republic of),Wheat,1967,1555.0
Venezuela (Bolivarian Republic of),Wheat,1968,821.0
Venezuela (Bolivarian Republic of),Wheat,1969,486.0
Venezuela (Bolivarian Republic of),Wheat,1970,510.0
Venezuela (Bolivarian Republic of),Wheat,1971,609.0
Venezuela (Bolivarian Republic of),Wheat,1972,639.0
Venezuela (Bolivarian Republic of),Wheat,1973,682.0
Venezuela (Bolivarian Republic of),Wheat,1974,627.0
Venezuela (Bolivarian Republic of),Wheat,1975,532.0
Venezuela (Bolivarian Republic of),Wheat,1976,560.0
Venezuela (Bolivarian Republic of),Wheat,1977,558.0
Venezuela (Bolivarian Republic of),Wheat,1978,571.0
Venezuela (Bolivarian Republic of),Wheat,1979,415.0
Venezuela (Bolivarian Republic of),Wheat,1980,437.0
Venezuela (Bolivarian Republic of),Wheat,1981,420.0
Venezuela (Bolivarian Republic of),Wheat,1982,347.0
Venezuela (Bolivarian Republic of),Wheat,1983,303.0
Venezuela (Bolivarian Republic of),Wheat,1984,291.0
Venezuela (Bolivarian Republic of),Wheat,1985,314.0
Venezuela (Bolivarian Republic of),Wheat,1986,297.0
Venezuela (Bolivarian Republic of),Wheat,1987,306.0
Venezuela (Bolivarian Republic of),Wheat,1988,319.0
Venezuela (Bolivarian Republic of),Wheat,1989,302.0
Venezuela (Bolivarian Republic of),Wheat,1990,310.0
Venezuela (Bolivarian Republic of),Wheat,1991,310.0
Venezuela (Bolivarian Republic of),Wheat,1992,310.0
Venezuela (Bolivarian Republic of),Wheat,1993,310.0
Venezuela (Bolivarian Republic of),Wheat,1994,310.0
Venezuela (Bolivarian Republic of),Wheat,1995,517.0
Venezuela (Bolivarian Republic of),Wheat,1996,517.0
Venezuela (Bolivarian Republic of),Wheat,1997,517.0
Venezuela (Bolivarian Republic of),Wheat,1998,517.0
Venezuela (Bolivarian Republic of),Wheat,1999,517.0
Venezuela (Bolivarian Republic of),Wheat,2000,517.0
Venezuela (Bolivarian Republic of),Wheat,2001,585.0
Venezuela (Bolivarian Republic of),Wheat,2002,54.0
Venezuela (Bolivarian Republic of),Wheat,2003,152.0
Venezuela (Bolivarian Republic of),Wheat,2004,264.0
Venezuela (Bolivarian Republic of),Wheat,2005,517.0
Venezuela (Bolivarian Republic of),Wheat,2006,220.0
Venezuela (Bolivarian Republic of),Wheat,2007,213.0
Venezuela (Bolivarian Republic of),Wheat,2008,230.0
Venezuela (Bolivarian Republic of),Wheat,2009,143.0
Venezuela (Bolivarian Republic of),Wheat,2010,183.0
Venezuela (Bolivarian Republic of),Wheat,2011,204.0
Venezuela (Bolivarian Republic of),Wheat,2012,218.0
Venezuela (Bolivarian Republic of),Wheat,2013,161.0
Venezuela (Bolivarian Republic of),Wheat,2014,161.0
Venezuela (Bolivarian Republic of),Wheat,2015,179.0
Venezuela (Bolivarian Republic of),Wheat,2016,139.5
Venezuela (Bolivarian Republic of),Wheat,2017,584.44
Venezuela (Bolivarian Republic of),Wheat,2018,1151.0
Venezuela (Bolivarian Republic of),Wheat,2019,831.0
Venezuela (Bolivarian Republic of),Wheat,2020,662.81
Venezuela (Bolivarian Republic of),Wheat,2021,736.0
Venezuela (Bolivarian Republic of),Wheat,2022,762.0
Venezuela (Bolivarian Republic of),Wheat,2023,995.0
Venezuela (Bolivarian Republic of),Wheat,2024,1014.8
